edge_id,lat,lng,queue_len,type
1,31.237872,121.470259,39,3.0
2,31.232877,121.48753,39,3.0
3,31.232548,121.478971,17,2.0
4,31.227933,121.45361,24,3.0
5,31.235682,121.487831,4,1.0
6,31.251358,121.485526,26,3.0
7,31.244229,121.475231,10,2.0
8,31.23936,121.488752,3,1.0
9,31.244859,121.489305,9,1.0
10,31.23543,121.447652,10,2.0
11,31.239655,121.478097,25,3.0
12,31.228014,121.477667,35,3.0
13,31.216686,121.493011,3,1.0
14,31.234259,121.52572,26,3.0
15,31.229094,121.480266,6,1.0
16,31.232518,121.465177,10,2.0
17,31.225207,121.452948,16,2.0
18,31.242893,121.465382,16,2.0
19,31.240874,121.518086,17,2.0
20,31.245183,121.484965,1,1.0
21,31.312979,121.545236,2,1.0
22,31.217516,121.452872,22,3.0
23,31.228017,121.444777,12,2.0
24,31.221325,121.448881,36,3.0
25,31.23271,121.455345,16,2.0
26,31.236138,121.463199,6,1.0
27,31.225275,121.47164,12,2.0
28,31.24143,121.475172,32,3.0
29,31.232857,121.475333,16,2.0
30,31.228726,121.482748,41,3.0
31,31.236381,121.484201,3,1.0
32,31.242514,121.493696,13,2.0
33,31.233516,121.491431,9,1.0
34,31.22622,121.506261,15,2.0
35,31.223981,121.478274,5,1.0
36,31.224117,121.4732,24,3.0
37,31.256071,121.462096,9,1.0
38,31.248429,121.463698,2,1.0
39,31.237435,121.455917,5,1.0
40,31.236009,121.478941,2,1.0
41,31.224552,121.482535,5,1.0
42,31.219947,121.467027,6,1.0
43,31.223107,121.454329,5,1.0
44,31.206668,121.449678,8,1.0
45,31.200811,121.444401,3,1.0
46,31.166058,121.403691,8,1.0
47,31.228047,121.425893,5,1.0
48,31.224154,121.43807,4,1.0
49,31.229071,121.452449,13,2.0
50,31.242867,121.490229,2,1.0
51,31.244555,121.5099,4,1.0
52,31.236828,121.514196,2,1.0
53,31.234796,121.533464,3,1.0
54,31.224126,121.547664,1,1.0
55,31.221777,121.558508,2,1.0
56,31.207247,121.572933,2,1.0
57,31.242837,121.455083,13,2.0
58,31.234737,121.513936,2,1.0
59,31.233452,121.480931,1,1.0
60,31.220334,121.367655,2,1.0
61,31.213903,121.410198,3,1.0
62,31.256232,121.498254,2,1.0
63,31.25563,121.508513,37,3.0
64,31.247009,121.47942,4,1.0
65,31.242365,121.503571,24,3.0
66,31.245624,121.522839,15,2.0
67,31.235072,121.518805,6,1.0
68,31.288572,121.534233,3,1.0
69,31.286253,121.531109,1,1.0
70,31.283793,121.518888,2,1.0
71,31.240478,121.526884,22,3.0
72,31.240601,121.442307,5,1.0
73,31.242082,121.522779,2,1.0
74,31.241762,121.50497,4,1.0
75,31.244701,121.514543,2,1.0
76,31.237926,121.46594,3,1.0
77,31.23537,121.522706,2,1.0
78,31.233011,121.523809,1,1.0
79,31.228627,121.480756,17,2.0
80,31.242584,121.449606,2,1.0
81,31.230395,121.46599,30,3.0
82,31.241014,121.48529,27,3.0
83,31.239454,121.46057,7,1.0
84,31.233674,121.498294,38,3.0
85,31.235982,121.466191,2,1.0
86,31.223367,121.46595,1,1.0
87,31.236177,121.493181,5,1.0
88,31.235177,121.451385,1,1.0
89,31.255256,121.500499,2,1.0
90,31.197512,121.470198,1,1.0
91,31.234238,121.521932,1,1.0
92,31.299799,121.530915,2,1.0
93,31.246573,121.495702,1,1.0
94,31.229057,121.452254,5,1.0
95,31.279562,121.467095,4,1.0
96,31.159523,121.435774,13,2.0
97,31.262045,121.446891,1,1.0
98,31.230363,121.5056,4,1.0
99,31.263495,121.496653,4,1.0
100,31.260348,121.542138,1,1.0
101,31.262331,121.563212,1,1.0
102,31.227544,121.537532,1,1.0
103,31.187859,121.444801,4,1.0
104,31.203194,121.46865,1,1.0
105,31.237596,121.488614,1,1.0
106,31.2419,121.506952,4,1.0
107,31.275801,121.484797,1,1.0
108,31.261655,121.474716,3,1.0
109,31.258656,121.472538,3,1.0
110,31.248715,121.481228,16,2.0
111,31.225269,121.491889,4,1.0
112,31.218022,121.504024,8,1.0
113,31.188514,121.49841,6,1.0
114,31.178033,121.487803,3,1.0
115,31.09599,121.238111,1,1.0
116,31.244292,121.495265,14,2.0
117,31.242132,121.488632,1,1.0
118,31.241594,121.48526,1,1.0
119,31.240686,121.480699,6,1.0
120,31.16807,121.488657,1,1.0
121,31.150587,121.499019,1,1.0
122,31.116086,121.488253,6,1.0
123,31.230277,121.448573,2,1.0
124,31.241223,121.45891,3,1.0
125,31.224758,121.446392,3,1.0
126,31.239149,121.488022,6,1.0
127,31.228927,121.486896,5,1.0
128,31.240412,121.45723,3,1.0
129,31.225266,121.444323,25,3.0
130,31.227165,121.480195,30,3.0
131,31.237221,121.467334,6,1.0
132,31.240869,121.481603,23,3.0
133,31.223665,121.458791,27,3.0
134,31.217372,121.460724,32,3.0
135,31.250734,121.487731,10,2.0
136,31.231585,121.517218,7,1.0
137,31.243738,121.486223,3,1.0
138,31.238561,121.455041,2,1.0
139,31.227762,121.495598,4,1.0
140,31.242296,121.490613,1,1.0
141,31.233644,121.525549,1,1.0
142,31.251584,121.4917,26,3.0
143,31.230748,121.485488,6,1.0
144,31.241188,121.483341,2,1.0
145,31.231401,121.497622,2,1.0
146,31.245242,121.479617,13,2.0
147,31.206958,121.591146,2,1.0
148,31.180043,121.609028,1,1.0
149,31.214719,121.624972,1,1.0
150,31.154675,121.81374,2,1.0
151,31.215428,121.660427,1,1.0
152,31.239615,121.489026,2,1.0
153,31.246109,121.496577,1,1.0
154,31.225477,121.448153,3,1.0
155,31.242261,121.507912,1,1.0
156,31.233059,121.458379,1,1.0
157,31.238593,121.450062,3,1.0
158,31.25079,121.48933,13,2.0
159,31.233679,121.494765,4,1.0
160,31.234688,121.502656,2,1.0
161,31.252974,121.502684,3,1.0
162,31.222119,121.454078,4,1.0
163,31.286066,121.474323,7,1.0
164,31.223004,121.465956,34,3.0
165,31.239726,121.510008,13,2.0
166,31.23909,121.474138,8,1.0
167,31.228755,121.523626,27,3.0
168,31.247955,121.495452,2,1.0
169,31.25037,121.488549,14,2.0
170,31.174053,121.282683,29,3.0
171,31.127837,121.380654,30,3.0
172,30.975316,121.349759,1,1.0
173,31.045101,121.223676,26,3.0
174,31.140855,121.360032,36,3.0
175,31.025763,121.541983,23,3.0
176,31.206201,121.085991,5,1.0
177,31.147903,121.403379,31,3.0
178,31.036404,121.272345,12,2.0
179,31.025227,121.44251,24,3.0
180,31.19232,121.142889,8,1.0
181,31.099642,121.449578,49,3.0
182,31.10888,121.390919,16,2.0
183,31.157536,121.203337,27,3.0
184,31.146522,121.352501,72,4.0
185,31.021245,121.226791,2,1.0
186,31.131231,121.398758,93,4.0
187,31.131416,121.429704,23,3.0
188,31.143754,121.434357,20,3.0
189,31.142941,121.443942,17,2.0
190,31.111821,121.385462,67,4.0
191,31.112806,121.462647,8,1.0
192,31.074013,121.407487,4,1.0
193,31.042415,121.482986,2,1.0
194,31.016895,121.42971,29,3.0
195,31.002479,121.390889,4,1.0
196,31.158843,121.127268,21,3.0
197,31.178359,121.279284,13,2.0
198,31.15228,121.118001,13,2.0
199,31.120864,121.389141,43,3.0
200,31.111396,121.379353,35,3.0
201,31.012788,121.228073,1,1.0
202,31.070433,121.467199,1,1.0
203,31.030657,121.236586,2,1.0
204,46.247857,128.762232,2,1.0
205,31.108792,121.061126,3,1.0
206,31.114038,121.415096,47,3.0
207,31.129955,121.336848,49,3.0
208,31.124501,121.32791,28,3.0
209,31.011339,121.296295,19,2.0
210,31.031459,121.300841,20,3.0
211,31.122623,121.433813,11,2.0
212,31.141982,121.459872,55,4.0
213,31.045834,121.408322,41,3.0
214,31.015724,121.40907,6,1.0
215,31.018176,121.418004,42,3.0
216,31.038725,121.464203,2,1.0
217,31.03333,121.427385,25,3.0
218,31.044667,121.46191,10,2.0
219,31.019533,121.388705,6,1.0
220,31.128227,121.45441,17,2.0
221,31.062583,121.44986,6,1.0
222,24.284812,102.999068,9,1.0
223,31.098558,121.377147,25,3.0
224,31.102445,121.413911,18,2.0
225,31.069757,121.399847,55,4.0
226,31.137509,121.40768,50,4.0
227,31.120714,121.42693,75,4.0
228,31.106089,121.039819,3,1.0
229,31.157362,121.221594,3,1.0
230,30.982046,121.207872,17,2.0
231,31.117005,121.271194,86,4.0
232,31.124664,121.323455,32,3.0
233,31.087306,121.275545,42,3.0
234,31.06623,121.321933,26,3.0
235,31.021462,121.321255,19,2.0
236,31.009423,121.245898,15,2.0
237,31.020065,121.23311,33,3.0
238,31.038291,121.194794,26,3.0
239,31.057696,121.207516,23,3.0
240,31.071955,121.234457,10,2.0
241,31.019982,121.244295,12,2.0
242,31.011886,121.234971,90,4.0
243,31.007327,121.431151,19,2.0
244,31.005717,121.202014,7,1.0
245,31.01217,121.265575,27,3.0
246,31.040378,121.255563,60,4.0
247,31.024911,121.255017,1,1.0
248,30.940804,121.073937,3,1.0
249,31.08093,121.159291,21,3.0
250,31.019691,121.249497,13,2.0
251,31.015452,121.154814,13,2.0
252,30.954604,121.333773,36,3.0
253,31.142865,121.330843,43,3.0
254,31.104981,121.360938,45,3.0
255,31.096325,121.341209,50,4.0
256,31.13756,121.339005,47,3.0
257,31.077825,121.33981,60,4.0
258,31.118723,121.248449,16,2.0
259,31.134254,121.280533,33,3.0
260,31.138371,121.416975,60,4.0
261,31.115176,121.36579,19,2.0
262,31.116021,121.287621,86,4.0
263,31.212113,121.444193,17,2.0
264,31.1744,121.285083,83,4.0
265,31.051731,121.423756,14,2.0
266,31.050708,121.217094,18,2.0
267,31.015959,121.227509,14,2.0
268,30.996346,121.297687,2,1.0
269,31.023241,121.226517,13,2.0
270,31.134484,121.42764,5,1.0
271,31.10346,121.419988,1,1.0
272,30.893975,121.016922,6,1.0
273,31.307215,121.486962,28,3.0
274,30.893084,121.252519,5,1.0
275,30.834815,121.197836,25,3.0
276,30.796356,121.199264,3,1.0
277,31.075231,121.436269,25,3.0
278,31.105352,121.438535,18,2.0
279,31.090076,121.406999,11,2.0
280,31.012926,121.423939,25,3.0
281,31.120753,121.381579,70,4.0
282,31.150193,121.45419,36,3.0
283,31.019246,121.250749,8,1.0
284,31.147783,121.366475,22,3.0
285,31.121152,121.141999,22,3.0
286,31.007639,121.416247,6,1.0
287,31.069261,121.375484,17,2.0
288,31.130891,121.472384,8,1.0
289,31.100465,121.401931,23,3.0
290,31.10114,121.181649,32,3.0
291,30.97533,121.271449,9,1.0
292,31.054594,121.339133,26,3.0
293,31.066368,121.2082,24,3.0
294,31.00153,121.235235,1,1.0
295,31.035335,121.117893,7,1.0
296,31.149628,121.43924,40,3.0
297,31.121932,121.33481,34,3.0
298,31.018376,121.40507,24,3.0
299,31.080824,121.390896,14,2.0
300,31.108876,121.345256,15,2.0
301,31.04822,121.231928,15,2.0
302,30.962059,121.244644,5,1.0
303,31.121363,121.369095,20,3.0
304,31.032565,121.409407,22,3.0
305,31.150287,121.471783,1,1.0
306,30.918528,121.113765,1,1.0
307,30.939177,121.223182,14,2.0
308,31.11447,121.460831,3,1.0
309,30.774911,121.259927,14,2.0
310,30.889117,121.317123,2,1.0
311,31.163201,121.11139,4,1.0
312,31.023331,121.315006,6,1.0
313,31.038201,121.216468,39,3.0
314,31.042348,121.28911,3,1.0
315,31.030806,121.396875,2,1.0
316,31.132785,121.413457,38,3.0
317,31.095884,121.350551,23,3.0
318,31.065995,121.314532,1,1.0
319,31.010331,121.381275,8,1.0
320,30.994999,121.264867,1,1.0
321,30.847557,121.226776,7,1.0
322,31.048845,121.231719,1,1.0
323,31.11794,121.457471,31,3.0
324,31.057816,121.413943,14,2.0
325,30.852446,121.262447,2,1.0
326,31.054947,120.995325,4,1.0
327,30.949238,121.021134,2,1.0
328,30.920347,121.057024,2,1.0
329,30.894639,121.21016,9,1.0
330,30.989121,121.127308,1,1.0
331,31.130862,121.091425,8,1.0
332,31.113159,121.06421,13,2.0
333,31.17665,121.132941,10,2.0
334,30.899117,121.175731,27,3.0
335,31.07195,121.150279,21,3.0
336,31.167279,121.113649,9,1.0
337,31.148785,121.115114,7,1.0
338,31.158515,121.1384,1,1.0
339,31.171648,121.110276,3,1.0
340,31.143297,121.132883,10,2.0
341,31.119806,121.071074,9,1.0
342,30.892415,121.023553,25,3.0
343,30.795602,121.152307,4,1.0
344,30.930023,121.011969,3,1.0
345,31.018041,121.055413,4,1.0
346,30.934254,121.279662,2,1.0
347,31.132602,121.095863,1,1.0
348,31.105808,121.038742,13,2.0
349,30.879349,121.094749,1,1.0
350,31.154875,121.131226,22,3.0
351,30.889377,121.176142,14,2.0
352,31.16691,121.115166,8,1.0
353,31.048503,121.141872,6,1.0
354,31.219455,121.098597,14,2.0
355,30.938138,121.327668,24,3.0
356,30.939279,121.074396,4,1.0
357,30.935029,121.186594,3,1.0
358,31.154144,121.118793,2,1.0
359,30.814394,121.18284,1,1.0
360,30.898595,121.030128,29,3.0
361,30.898527,121.22367,12,2.0
362,28.738742,120.640606,4,1.0
363,25.222206,117.086322,8,1.0
364,30.957633,121.343012,15,2.0
365,30.941447,121.293964,4,1.0
366,30.975236,121.195313,1,1.0
367,31.109998,121.164842,22,3.0
368,31.236935,121.106513,12,2.0
369,30.899462,121.164967,2,1.0
370,30.858416,121.035215,6,1.0
371,30.874563,121.067902,5,1.0
372,30.897459,121.151158,7,1.0
373,30.900763,121.246509,4,1.0
374,31.137582,121.083916,16,2.0
375,30.793053,121.176224,7,1.0
376,31.15702,121.106352,2,1.0
377,30.993883,121.129758,9,1.0
378,31.073061,120.970637,1,1.0
379,31.144812,121.119606,3,1.0
380,31.176489,121.188906,3,1.0
381,30.990942,121.12541,1,1.0
382,30.810888,121.234763,2,1.0
383,31.115773,120.907942,2,1.0
384,31.098359,121.073778,11,2.0
385,30.967758,121.08302,1,1.0
386,31.068626,121.108326,2,1.0
387,31.042021,121.204506,21,3.0
388,30.89659,121.281933,8,1.0
389,30.88883,121.130607,8,1.0
390,30.895162,121.094602,1,1.0
391,30.773575,121.14093,2,1.0
392,30.95485,121.328077,8,1.0
393,31.081917,121.062248,4,1.0
394,30.979419,121.022464,1,1.0
395,30.866289,121.103027,13,2.0
396,30.829105,121.180127,7,1.0
397,30.891157,121.186557,2,1.0
398,30.889225,121.177092,3,1.0
399,30.900013,121.049649,3,1.0
400,31.143835,120.935676,2,1.0
401,31.206089,121.105074,5,1.0
402,31.004198,121.067198,2,1.0
403,31.05815,120.970188,4,1.0
404,30.945561,121.150834,2,1.0
405,30.983162,121.054057,29,3.0
406,31.057607,121.030715,2,1.0
407,30.909885,121.195459,6,1.0
408,30.99055,121.126163,1,1.0
409,31.010877,121.240031,1,1.0
410,31.152177,121.172752,6,1.0
411,31.175318,121.181299,18,2.0
412,31.132833,121.17281,4,1.0
413,31.188696,121.181232,2,1.0
414,31.152749,121.182589,3,1.0
415,30.94602,121.106186,4,1.0
416,31.126748,120.934108,6,1.0
417,30.802409,121.205114,13,2.0
418,31.19706,121.095538,18,2.0
419,31.092058,121.38753,111,5.0
420,30.956973,121.097333,1,1.0
421,30.8406,121.251681,3,1.0
422,30.828106,121.187081,2,1.0
423,31.150797,121.728702,7,1.0
424,30.893492,121.315973,2,1.0
425,30.904648,121.173227,10,2.0
426,30.874727,121.250912,2,1.0
427,30.94469,121.299291,5,1.0
428,30.929919,121.206039,26,3.0
429,31.053198,120.907525,6,1.0
430,31.060659,121.399957,4,1.0
431,31.158559,121.319801,55,4.0
432,31.123394,121.278015,50,4.0
433,31.121127,121.243829,18,2.0
434,31.127539,121.389284,7,1.0
435,31.134786,121.444969,42,3.0
436,31.109806,121.242241,22,3.0
437,31.058407,121.330724,17,2.0
438,31.10221,121.277743,14,2.0
439,31.073134,121.317814,41,3.0
440,31.044697,121.22462,3,1.0
441,31.145654,121.375598,12,2.0
442,31.106759,121.398956,14,2.0
443,31.043159,121.420296,15,2.0
444,31.102,121.462298,20,3.0
445,31.174217,121.289644,1,1.0
446,30.993594,121.348984,10,2.0
447,31.184319,121.230946,7,1.0
448,31.127217,121.335543,28,3.0
449,39.084494,117.236165,2,1.0
450,31.023902,121.350511,1,1.0
451,31.116103,121.43571,34,3.0
452,31.053362,121.431405,6,1.0
453,31.047441,121.470836,4,1.0
454,31.13264,121.32443,11,2.0
455,31.132311,121.362691,7,1.0
456,30.986462,121.409757,5,1.0
457,31.01613,121.203009,21,3.0
458,31.152571,121.412981,1,1.0
459,31.151421,121.279419,9,1.0
460,30.993285,121.36769,1,1.0
461,31.024417,121.471297,15,2.0
462,31.054506,121.460002,19,2.0
463,31.036007,121.46539,3,1.0
464,31.146551,121.235394,2,1.0
465,31.184979,121.31046,2,1.0
466,31.209704,121.368486,4,1.0
467,31.039725,121.225427,3,1.0
468,31.039158,121.239632,18,2.0
469,30.975655,121.228194,5,1.0
470,31.325382,121.553285,32,3.0
471,31.036623,121.377512,2,1.0
472,31.13107,121.298444,17,2.0
473,31.103599,121.416145,2,1.0
474,31.038911,121.226883,6,1.0
475,31.045516,121.216817,22,3.0
476,31.02877,121.456878,6,1.0
477,31.129482,121.192266,1,1.0
478,31.016211,121.412788,4,1.0
479,31.056648,121.404326,30,3.0
480,31.087507,121.398717,15,2.0
481,31.068209,121.373076,13,2.0
482,31.113501,121.393037,28,3.0
483,31.00816,121.274391,10,2.0
484,31.026816,121.426094,9,1.0
485,31.08111,121.263537,24,3.0
486,31.171972,121.140685,29,3.0
487,31.086916,121.387535,23,3.0
488,31.060038,121.195223,8,1.0
489,31.113744,121.341878,31,3.0
490,31.035283,121.246093,7,1.0
491,31.099085,121.386207,4,1.0
492,31.063518,121.215539,4,1.0
493,31.025516,121.30169,2,1.0
494,31.244249,121.675329,52,4.0
495,31.096053,121.518157,5,1.0
496,31.030606,121.225475,1,1.0
497,31.139255,121.409759,8,1.0
498,31.164195,121.330502,37,3.0
499,31.094914,121.43682,40,3.0
500,31.151008,121.324166,12,2.0
501,31.106732,121.290566,2,1.0
502,31.152563,121.460663,1,1.0
503,31.078365,121.404647,24,3.0
504,30.997412,121.247239,7,1.0
505,31.051247,121.480621,11,2.0
506,31.059755,121.389723,23,3.0
507,31.161635,121.286602,5,1.0
508,31.235929,121.449652,2,1.0
509,31.119287,121.204986,14,2.0
510,30.998611,121.216212,21,3.0
511,30.98383,121.235077,16,2.0
512,31.078791,121.422082,27,3.0
513,31.10366,121.420217,31,3.0
514,31.125695,121.46401,22,3.0
515,31.012212,121.413472,50,4.0
516,31.114131,121.394475,33,3.0
517,31.198093,121.126168,22,3.0
518,31.120822,121.29001,29,3.0
519,31.142218,121.413767,8,1.0
520,31.123621,121.266561,8,1.0
521,31.242039,121.687875,2,1.0
522,31.088099,121.430111,17,2.0
523,31.058092,121.235964,13,2.0
524,31.139657,121.298915,39,3.0
525,31.03732,121.18963,22,3.0
526,31.036429,121.324198,11,2.0
527,31.040309,121.308498,5,1.0
528,31.175621,121.317835,32,3.0
529,31.148848,121.314851,59,4.0
530,31.176807,121.251063,19,2.0
531,31.013082,121.391811,3,1.0
532,31.08532,121.237002,12,2.0
533,31.111607,121.324796,21,3.0
534,31.109649,121.402441,45,3.0
535,31.051162,121.311884,2,1.0
536,31.036987,121.386554,20,3.0
537,31.155344,121.2025,9,1.0
538,31.082701,121.448694,64,4.0
539,31.126179,121.378046,19,2.0
540,30.894923,121.319564,9,1.0
541,30.866245,121.343018,28,3.0
542,30.816155,121.298392,11,2.0
543,30.771941,121.373524,38,3.0
544,30.715526,121.351073,14,2.0
545,30.716187,121.349498,32,3.0
546,30.72456,121.344043,16,2.0
547,30.790922,121.348126,4,1.0
548,30.718302,121.314644,1,1.0
549,30.74139,121.380141,38,3.0
550,30.723654,121.330778,9,1.0
551,30.73407,121.350673,29,3.0
552,30.747024,121.287991,12,2.0
553,30.731903,121.334173,36,3.0
554,30.739639,121.373695,12,2.0
555,30.719537,121.355948,18,2.0
556,30.718108,121.283169,5,1.0
557,30.948258,121.324472,4,1.0
558,30.739797,121.32739,16,2.0
559,30.766975,121.362906,19,2.0
560,30.853798,121.344272,7,1.0
561,30.846072,121.32313,1,1.0
562,30.749894,121.270796,9,1.0
563,30.758612,121.320541,10,2.0
564,30.838466,121.228977,2,1.0
565,30.751838,121.360056,9,1.0
566,30.808567,121.29074,17,2.0
567,30.746649,121.378099,1,1.0
568,30.889897,121.320413,35,3.0
569,30.814573,121.352883,13,2.0
570,30.730296,121.342643,19,2.0
571,30.705762,121.33512,5,1.0
572,30.799332,121.268825,10,2.0
573,30.746286,121.344028,8,1.0
574,35.24116,113.276351,10,2.0
575,30.827125,121.329382,7,1.0
576,30.7834,121.299618,3,1.0
577,30.741272,121.3348,9,1.0
578,30.734301,121.25722,16,2.0
579,30.830149,121.35652,22,3.0
580,30.736314,121.354852,6,1.0
581,30.716044,121.291037,7,1.0
582,30.811433,121.309343,12,2.0
583,30.887807,121.346419,34,3.0
584,30.77648,121.358227,1,1.0
585,30.763589,121.264689,9,1.0
586,30.873326,121.284335,6,1.0
587,30.7653,121.292527,1,1.0
588,30.903508,121.331287,22,3.0
589,30.807278,121.304136,3,1.0
590,30.875057,121.324697,10,2.0
591,30.763912,121.333802,6,1.0
592,30.750457,121.376839,10,2.0
593,30.738649,121.382934,14,2.0
594,30.781759,121.168333,3,1.0
595,30.770905,121.407376,2,1.0
596,30.741693,121.367052,15,2.0
597,31.342417,121.40922,32,3.0
598,31.324464,121.387532,28,3.0
599,31.492988,121.292044,3,1.0
600,31.308964,121.403345,10,2.0
601,31.302746,121.376994,25,3.0
602,31.276718,121.371696,17,2.0
603,31.276349,121.39526,8,1.0
604,31.288233,121.304952,4,1.0
605,31.353347,121.441038,28,3.0
606,31.343106,121.455682,44,3.0
607,31.327049,121.443238,18,2.0
608,31.235461,121.498056,23,3.0
609,31.370457,121.470415,10,2.0
610,31.357773,121.508693,4,1.0
611,31.337749,121.579688,18,2.0
612,31.260555,121.410883,24,3.0
613,31.287814,121.355886,31,3.0
614,31.370336,121.265507,10,2.0
615,31.406017,121.240101,23,3.0
616,31.313065,121.417971,26,3.0
617,31.357217,121.439635,10,2.0
618,31.33167,121.440751,46,3.0
619,31.337218,121.465181,106,5.0
620,31.354948,121.496863,33,3.0
621,31.387987,121.495216,22,3.0
622,31.345443,121.596458,5,1.0
623,31.355885,121.375057,14,2.0
624,31.31394,121.382812,29,3.0
625,31.318369,121.407014,32,3.0
626,31.316181,121.405014,11,2.0
627,31.313444,121.309439,12,2.0
628,31.405231,121.506638,30,3.0
629,31.246097,121.39928,25,3.0
630,31.441487,121.179013,13,2.0
631,31.327484,121.406697,12,2.0
632,31.260835,121.366953,30,3.0
633,31.255942,121.38141,10,2.0
634,31.266232,121.402951,6,1.0
635,31.320829,121.389518,2,1.0
636,31.291773,121.203129,1,1.0
637,31.332214,121.21858,3,1.0
638,31.24448,121.37062,39,3.0
639,31.346682,121.49352,11,2.0
640,31.339206,121.453188,33,3.0
641,31.473557,121.331298,41,3.0
642,31.282237,121.42091,30,3.0
643,31.337262,121.473928,59,4.0
644,31.283959,121.416644,36,3.0
645,31.488248,121.349833,11,2.0
646,31.415226,121.349387,10,2.0
647,31.460409,121.401649,1,1.0
648,31.420016,121.44113,23,3.0
649,31.355465,121.412867,22,3.0
650,31.402222,121.493387,33,3.0
651,31.200882,121.446511,25,3.0
652,31.420803,121.280523,1,1.0
653,31.444231,121.225828,5,1.0
654,31.415595,121.188844,2,1.0
655,31.397562,121.15864,2,1.0
656,31.359545,121.18156,20,3.0
657,31.321416,121.215,13,2.0
658,31.273767,121.222048,12,2.0
659,31.293561,121.362372,16,2.0
660,31.370388,121.187891,12,2.0
661,31.338059,121.289933,65,4.0
662,31.390234,121.254572,99,4.0
663,31.248587,121.277434,9,1.0
664,31.311631,121.354326,16,2.0
665,31.405792,121.489703,4,1.0
666,31.346801,121.577398,16,2.0
667,31.350616,121.589116,6,1.0
668,31.342336,121.605688,1,1.0
669,31.406426,121.476433,20,3.0
670,31.285059,121.406807,21,3.0
671,31.312069,121.172955,4,1.0
672,31.209904,121.234203,11,2.0
673,31.202075,121.187355,40,3.0
674,31.358014,121.37617,22,3.0
675,31.294057,121.171316,14,2.0
676,31.344291,121.487858,14,2.0
677,31.395694,121.391302,3,1.0
678,31.395438,121.472743,7,1.0
679,31.414938,121.486809,20,3.0
680,31.355737,121.403678,32,3.0
681,31.412982,121.496282,68,4.0
682,31.388641,121.444174,88,4.0
683,31.403259,121.447841,36,3.0
684,31.371366,121.236234,3,1.0
685,31.382812,121.242351,15,2.0
686,31.365408,121.245027,9,1.0
687,31.252264,121.38269,72,4.0
688,31.280262,121.364633,36,3.0
689,31.378631,121.277965,13,2.0
690,31.39034,121.272165,17,2.0
691,31.319077,121.331853,19,2.0
692,31.32712,121.254377,9,1.0
693,31.42718,121.33925,1,1.0
694,31.374842,121.264224,3,1.0
695,31.373432,121.490334,9,1.0
696,31.254534,121.34772,7,1.0
697,31.456227,121.359857,2,1.0
698,31.37273,121.546117,8,1.0
699,31.42225,121.355698,14,2.0
700,31.483764,121.274813,3,1.0
701,31.492475,121.328439,11,2.0
702,31.373346,121.135761,1,1.0
703,31.467705,121.201637,2,1.0
704,31.273276,121.1303,34,3.0
705,31.274536,121.097082,2,1.0
706,31.289282,121.378597,11,2.0
707,31.27688,121.420858,2,1.0
708,31.247519,121.322265,77,4.0
709,31.242991,121.515376,14,2.0
710,31.319501,121.584673,64,4.0
711,31.268642,121.332479,30,3.0
712,31.065206,121.803371,3,1.0
713,31.31724,121.237444,3,1.0
714,31.371694,121.443832,54,4.0
715,31.356868,121.555161,2,1.0
716,31.299749,121.170321,8,1.0
717,31.323113,121.616609,15,2.0
718,31.290887,121.435064,19,2.0
719,31.255173,121.403569,7,1.0
720,31.348418,121.427796,38,3.0
721,31.459469,121.412299,4,1.0
722,31.395973,121.258897,75,4.0
723,31.252495,121.390194,32,3.0
724,31.341175,121.618019,9,1.0
725,31.364407,121.561457,7,1.0
726,31.380093,121.517779,14,2.0
727,31.378141,121.503801,8,1.0
728,31.395915,121.363062,40,3.0
729,31.273019,121.307617,42,3.0
730,31.210033,121.405714,3,1.0
731,31.301057,121.388942,8,1.0
732,31.360948,121.595293,2,1.0
733,31.341417,121.271089,3,1.0
734,31.359311,121.310645,14,2.0
735,31.231687,121.32576,20,3.0
736,31.220809,121.305363,16,2.0
737,31.248325,121.158122,3,1.0
738,31.267266,121.385292,22,3.0
739,31.278808,121.419722,15,2.0
740,31.290434,121.425041,12,2.0
741,31.250271,121.406561,10,2.0
742,31.384186,121.484871,3,1.0
743,31.327299,121.452936,13,2.0
744,31.254912,121.371838,21,3.0
745,31.434069,121.448741,16,2.0
746,31.397749,121.267217,3,1.0
747,31.4193,121.285094,5,1.0
748,31.402828,121.48779,1,1.0
749,31.423181,121.387917,13,2.0
750,31.380359,121.304458,16,2.0
751,31.364503,121.391608,16,2.0
752,31.294885,121.244609,14,2.0
753,31.353624,121.155902,2,1.0
754,31.339114,121.321261,51,4.0
755,31.247155,121.23112,22,3.0
756,31.269521,121.153127,1,1.0
757,31.486,121.243442,1,1.0
758,31.383625,121.268069,2,1.0
759,31.326648,121.304442,20,3.0
760,31.277512,121.287969,72,4.0
761,31.339843,121.232133,1,1.0
762,31.284292,121.273506,15,2.0
763,31.306306,121.28988,1,1.0
764,31.301877,121.353206,2,1.0
765,31.38336,121.420672,19,2.0
766,31.205759,121.26316,26,3.0
767,31.413754,121.202263,8,1.0
768,31.24583,121.392643,11,2.0
769,31.343386,121.208271,15,2.0
770,31.280339,121.402957,34,3.0
771,31.265326,121.394456,23,3.0
772,31.410197,121.500761,11,2.0
773,31.253394,121.389864,30,3.0
774,31.381763,121.301878,21,3.0
775,31.371973,121.278978,11,2.0
776,31.268263,121.394134,16,2.0
777,31.315817,121.359172,4,1.0
778,31.387389,121.431922,6,1.0
779,30.948712,121.365593,36,3.0
780,31.429482,121.184088,2,1.0
781,31.376717,121.539395,2,1.0
782,31.286501,121.363758,25,3.0
783,31.365012,121.504701,1,1.0
784,31.258483,121.368346,7,1.0
785,31.207125,121.299924,11,2.0
786,31.430211,121.28239,4,1.0
787,31.289489,121.341656,4,1.0
788,31.230201,121.308739,4,1.0
789,31.278478,121.420747,3,1.0
790,31.456258,121.413525,14,2.0
791,31.310235,121.437455,6,1.0
792,31.398623,121.409041,5,1.0
793,31.282514,121.343407,8,1.0
794,31.288777,121.390078,6,1.0
795,31.340297,121.26652,1,1.0
796,31.330908,121.45516,3,1.0
797,31.269951,121.336766,2,1.0
798,31.368461,121.372259,15,2.0
799,31.396351,121.44222,17,2.0
800,31.294155,121.418063,9,1.0
801,31.294194,121.316828,21,3.0
802,31.450256,121.254671,2,1.0
803,31.401391,121.463758,10,2.0
804,31.41351,121.367585,3,1.0
805,31.23423,121.119889,10,2.0
806,31.378285,121.436137,33,3.0
807,31.219945,121.285654,9,1.0
808,31.369006,121.25552,2,1.0
809,31.230933,121.347295,23,3.0
810,31.344675,121.443963,49,3.0
811,31.427978,121.433301,9,1.0
812,31.214561,121.298904,91,4.0
813,31.234004,121.276012,7,1.0
814,31.344366,121.51915,8,1.0
815,31.243338,121.253922,4,1.0
816,31.260742,121.399188,11,2.0
817,31.258677,121.392956,38,3.0
818,31.397648,121.28551,6,1.0
819,31.32899,121.323419,9,1.0
820,31.260816,121.36983,2,1.0
821,31.272151,121.375814,26,3.0
822,31.236862,121.355595,10,2.0
823,31.396658,121.496972,24,3.0
824,31.280003,121.361419,10,2.0
825,31.255025,121.199554,24,3.0
826,31.265705,121.420959,34,3.0
827,31.305269,121.397452,9,1.0
828,31.220649,121.35994,1,1.0
829,31.351256,121.519123,2,1.0
830,31.288583,121.428686,10,2.0
831,31.274336,121.39328,1,1.0
832,31.318661,121.194317,37,3.0
833,31.48259,121.348661,1,1.0
834,31.43737,121.432451,4,1.0
835,31.296405,121.392803,15,2.0
836,31.274417,121.257132,32,3.0
837,31.33775,121.306733,10,2.0
838,31.331242,121.225906,8,1.0
839,31.436148,121.224416,34,3.0
840,31.221346,121.201454,4,1.0
841,31.223175,121.184646,11,2.0
842,31.431346,121.222574,10,2.0
843,31.459342,121.319364,7,1.0
844,31.304081,121.326517,2,1.0
845,31.274169,121.221302,7,1.0
846,31.232095,121.20583,3,1.0
847,31.333315,121.188402,18,2.0
848,31.370992,121.177459,12,2.0
849,31.252877,121.148181,11,2.0
850,31.358748,121.52806,20,3.0
851,31.441726,121.246593,5,1.0
852,31.367578,121.31858,29,3.0
853,31.3397,121.298473,10,2.0
854,31.475425,121.356951,5,1.0
855,31.254111,121.408424,44,3.0
856,31.261563,121.376836,30,3.0
857,31.262048,121.458128,5,1.0
858,31.33454,121.46611,31,3.0
859,31.382771,121.291756,24,3.0
860,46.777465,131.812182,21,3.0
861,31.361645,121.475443,44,3.0
862,31.28711,121.226904,14,2.0
863,31.453478,121.256429,31,3.0
864,31.294598,121.206157,2,1.0
865,31.246059,121.362706,6,1.0
866,31.32755,121.15343,4,1.0
867,31.28915,121.229167,7,1.0
868,31.36124,121.451839,7,1.0
869,31.410089,121.244982,7,1.0
870,31.456615,121.221022,46,3.0
871,31.243709,121.197504,1,1.0
872,31.127879,121.452728,24,3.0
873,31.30092,121.16892,9,1.0
874,31.387989,121.396749,6,1.0
875,31.444014,121.25661,4,1.0
876,31.3691,121.415317,4,1.0
877,31.24822,121.296297,14,2.0
878,31.348925,121.178176,2,1.0
879,31.280857,121.169253,22,3.0
880,31.385543,121.469415,15,2.0
881,31.227795,121.254172,3,1.0
882,31.275331,121.286529,12,2.0
883,31.262032,121.117499,6,1.0
884,31.266413,121.351003,2,1.0
885,31.335141,121.413142,5,1.0
886,31.421831,121.349166,4,1.0
887,31.410741,121.442349,21,3.0
888,31.352538,121.490272,2,1.0
889,31.235454,121.172523,1,1.0
890,31.324375,121.433451,6,1.0
891,31.249356,121.410275,2,1.0
892,31.23593,121.220028,15,2.0
893,31.294834,121.431554,6,1.0
894,31.277484,121.382842,1,1.0
895,31.396687,121.378844,25,3.0
896,31.360977,121.444195,12,2.0
897,31.447176,121.385936,4,1.0
898,31.425786,121.422506,28,3.0
899,31.335151,121.590721,4,1.0
900,31.292008,121.36941,7,1.0
901,31.305433,121.435633,1,1.0
902,31.312672,121.593011,14,2.0
903,31.26604,121.399004,14,2.0
904,31.297527,121.376,24,3.0
905,31.254166,121.224476,11,2.0
906,31.360292,121.583955,18,2.0
907,31.350554,121.391849,2,1.0
908,31.4163,121.496785,12,2.0
909,31.281813,121.354285,82,4.0
910,31.288102,121.122551,9,1.0
911,31.267263,121.086225,1,1.0
912,31.198836,121.215066,17,2.0
913,31.356238,121.568226,9,1.0
914,31.497375,121.324955,5,1.0
915,31.366638,121.43543,32,3.0
916,31.370654,121.459272,59,4.0
917,31.299851,121.163211,8,1.0
918,31.257553,121.311711,28,3.0
919,31.311763,121.21253,8,1.0
920,31.312494,121.157796,5,1.0
921,31.38417,121.344688,5,1.0
922,31.384742,121.277311,4,1.0
923,31.300493,121.323029,11,2.0
924,31.299874,121.298501,6,1.0
925,31.324905,121.29416,48,3.0
926,31.4189,121.295725,1,1.0
927,31.414397,121.481621,1,1.0
928,31.242078,121.331128,24,3.0
929,31.349748,121.506246,27,3.0
930,31.292718,121.410291,58,4.0
931,31.224385,121.143509,3,1.0
932,31.318258,121.167266,4,1.0
933,31.30446,121.426575,4,1.0
934,31.430745,121.187414,6,1.0
935,31.303224,121.308726,22,3.0
936,31.33876,121.437747,24,3.0
937,31.323457,121.57815,1,1.0
938,31.327488,121.437837,6,1.0
939,31.253405,121.091261,6,1.0
940,31.455174,121.413981,9,1.0
941,31.462643,121.331794,1,1.0
942,31.323091,121.364299,9,1.0
943,31.29092,121.359453,13,2.0
944,31.469563,121.384552,1,1.0
945,31.255582,121.363523,8,1.0
946,31.402193,121.367083,6,1.0
947,31.364338,121.251014,11,2.0
948,31.367392,121.276877,3,1.0
949,31.292661,121.305822,20,3.0
950,31.283733,121.149832,13,2.0
951,31.284086,121.212427,1,1.0
952,31.436901,121.294601,32,3.0
953,31.318974,121.412838,21,3.0
954,31.307142,121.362041,3,1.0
955,31.184888,121.510295,43,3.0
956,31.176978,121.499522,25,3.0
957,31.163705,121.503747,55,4.0
958,31.227167,121.633295,10,2.0
959,31.214958,121.527054,28,3.0
960,31.283403,121.541263,15,2.0
961,31.265902,121.537589,22,3.0
962,31.250826,121.578689,11,2.0
963,31.19868,121.485666,5,1.0
964,31.222233,121.623547,26,3.0
965,31.260959,121.562594,7,1.0
966,31.204179,121.538588,13,2.0
967,31.207679,121.489691,10,2.0
968,31.211591,121.499553,28,3.0
969,31.220416,121.529149,24,3.0
970,31.254981,121.623923,9,1.0
971,31.203031,121.443586,19,2.0
972,31.273045,121.546148,9,1.0
973,31.262756,121.625447,4,1.0
974,31.202883,121.476296,10,2.0
975,31.247688,121.528106,5,1.0
976,31.211634,121.520845,3,1.0
977,31.221201,121.497347,3,1.0
978,31.284348,121.564303,1,1.0
979,31.208346,121.544892,32,3.0
980,31.198048,121.604048,17,2.0
981,31.217074,121.510123,10,2.0
982,31.217682,121.499709,1,1.0
983,31.27795,121.538718,36,3.0
984,31.286632,121.552094,14,2.0
985,31.2676,121.541803,10,2.0
986,31.260217,121.525816,34,3.0
987,31.260165,121.541462,12,2.0
988,31.249796,121.582523,2,1.0
989,31.213015,121.547755,11,2.0
990,30.779826,121.376806,1,1.0
991,31.213061,121.483541,3,1.0
992,31.221052,121.503967,8,1.0
993,31.159756,121.525433,22,3.0
994,31.24641,121.548541,2,1.0
995,30.884387,121.408648,4,1.0
996,31.19107,121.554321,18,2.0
997,31.203987,121.520591,36,3.0
998,31.250332,121.594504,44,3.0
999,31.23787,121.543207,1,1.0
1000,31.262941,121.602924,11,2.0
1001,35.379598,116.072359,81,4.0
1002,31.177646,121.555355,32,3.0
1003,31.180763,121.476049,4,1.0
1004,31.181485,121.520026,59,4.0
1005,31.174661,121.52822,30,3.0
1006,31.208384,121.466365,28,3.0
1007,31.202395,121.6278,39,3.0
1008,31.217476,121.494788,74,4.0
1009,31.276616,121.593917,1,1.0
1010,31.208589,121.524447,27,3.0
1011,31.235847,121.536101,21,3.0
1012,31.228852,121.541643,1,1.0
1013,31.223114,121.522857,5,1.0
1014,31.25007,121.546845,28,3.0
1015,31.209182,121.535827,14,2.0
1016,31.246527,121.534982,39,3.0
1017,31.221662,121.539905,31,3.0
1018,31.20901,121.478403,1,1.0
1019,31.19124,121.507961,8,1.0
1020,31.26748,121.57859,29,3.0
1021,31.259633,121.594477,89,4.0
1022,31.252105,121.56398,34,3.0
1023,31.211107,121.59082,14,2.0
1024,31.242157,121.568785,16,2.0
1025,31.231508,121.577691,25,3.0
1026,31.242948,121.608734,15,2.0
1027,31.216371,121.601926,3,1.0
1028,31.209644,121.56447,37,3.0
1029,31.187254,121.536259,53,4.0
1030,31.190301,121.566862,65,4.0
1031,31.209025,121.616514,35,3.0
1032,31.166408,121.569203,18,2.0
1033,31.170097,121.608906,7,1.0
1034,31.178278,121.606216,18,2.0
1035,31.270362,121.612773,26,3.0
1036,31.280348,121.592755,6,1.0
1037,31.263651,121.573401,24,3.0
1038,31.196266,121.537132,26,3.0
1039,31.161442,121.507559,1,1.0
1040,31.256426,121.61001,8,1.0
1041,31.226966,121.53174,64,4.0
1042,31.215246,121.604329,33,3.0
1043,31.17762,121.511042,17,2.0
1044,31.230287,121.557116,44,3.0
1045,31.218201,121.487151,55,4.0
1046,31.291293,121.559335,6,1.0
1047,31.248657,121.537875,2,1.0
1048,31.267478,121.5468,6,1.0
1049,31.213659,121.504661,6,1.0
1050,31.216752,121.476401,17,2.0
1051,31.269868,121.533249,1,1.0
1052,31.189701,121.543143,7,1.0
1053,31.150483,121.491401,77,4.0
1054,31.182483,121.5762,8,1.0
1055,31.204999,121.471193,16,2.0
1056,31.237022,121.546184,42,3.0
1057,31.214683,121.551574,33,3.0
1058,31.185065,121.503655,6,1.0
1059,31.254124,121.605142,5,1.0
1060,31.232729,121.566935,68,4.0
1061,31.156341,121.512599,5,1.0
1062,31.28627,121.599397,2,1.0
1063,34.798608,116.090395,9,1.0
1064,31.182371,121.526439,11,2.0
1065,31.299261,121.578516,22,3.0
1066,31.28023,121.543164,10,2.0
1067,31.217512,121.533844,10,2.0
1068,31.261924,121.568031,15,2.0
1069,31.215893,121.558154,2,1.0
1070,31.232395,121.564673,2,1.0
1071,31.221705,121.642288,9,1.0
1072,31.169796,121.52847,11,2.0
1073,31.233629,121.532011,14,2.0
1074,31.270626,121.5908,38,3.0
1075,31.257756,121.601633,15,2.0
1076,31.160199,121.557134,4,1.0
1077,31.248482,121.53958,34,3.0
1078,31.19382,121.49524,1,1.0
1079,31.196135,121.558528,15,2.0
1080,31.233201,121.469528,6,1.0
1081,31.252241,121.57094,18,2.0
1082,31.217073,121.524494,7,1.0
1083,31.183857,121.637321,46,3.0
1084,31.264433,121.541398,5,1.0
1085,31.375832,121.389413,3,1.0
1086,31.348473,121.384381,1,1.0
1087,31.328439,121.384246,2,1.0
1088,31.317512,121.404518,2,1.0
1089,31.292867,121.42296,1,1.0
1090,31.150303,121.430423,4,1.0
1091,31.281665,121.42621,4,1.0
1092,31.25867,121.428896,2,1.0
1093,31.25372,121.437778,3,1.0
1094,31.244568,121.441817,14,2.0
1095,31.20694,121.459659,5,1.0
1096,31.196602,121.461665,1,1.0
1097,31.190103,121.485774,4,1.0
1098,31.193515,121.531662,3,1.0
1099,31.180824,121.525363,3,1.0
1100,31.202262,121.564812,12,2.0
1101,34.638922,119.467017,7,1.0
1102,31.281567,121.557955,6,1.0
1103,31.171101,121.507145,21,3.0
1104,31.212793,121.494061,4,1.0
1105,31.146112,121.504322,26,3.0
1106,31.284042,121.583676,16,2.0
1107,31.201251,121.561484,20,3.0
1108,31.19183,121.59097,4,1.0
1109,31.159569,121.145966,3,1.0
1110,31.276178,121.553996,15,2.0
1111,31.224452,121.511537,46,3.0
1112,31.207205,121.482691,27,3.0
1113,31.205839,121.462046,17,2.0
1114,31.194792,121.466884,6,1.0
1115,31.180897,121.463904,5,1.0
1116,31.166007,121.457766,15,2.0
1117,31.197656,121.463533,8,1.0
1118,31.190168,121.467092,7,1.0
1119,31.163339,121.469291,2,1.0
1120,31.210843,121.491168,42,3.0
1121,31.211641,121.474534,4,1.0
1122,31.168938,121.54333,13,2.0
1123,31.278028,121.583992,2,1.0
1124,31.235631,121.567852,2,1.0
1125,31.199128,121.540588,1,1.0
1126,31.215664,121.46829,26,3.0
1127,31.162111,121.566673,2,1.0
1128,31.217315,121.635295,6,1.0
1129,31.211617,121.486703,7,1.0
1130,31.270279,121.531241,42,3.0
1131,31.209857,121.644884,1,1.0
1132,31.219133,121.524846,2,1.0
1133,31.239025,121.551622,10,2.0
1134,31.191818,121.538713,5,1.0
1135,31.218716,121.568667,13,2.0
1136,31.27369,121.537119,16,2.0
1137,31.16584,121.530742,16,2.0
1138,31.168688,121.487892,7,1.0
1139,31.266666,121.598298,19,2.0
1140,31.168296,121.588625,11,2.0
1141,31.212027,121.491516,1,1.0
1142,31.216682,121.468605,2,1.0
1143,31.145641,121.449009,11,2.0
1144,31.144653,121.478451,10,2.0
1145,31.26905,121.627732,1,1.0
1146,31.232893,121.380242,11,2.0
1147,31.200248,121.474414,5,1.0
1148,31.211492,121.571765,3,1.0
1149,31.22135,121.391319,9,1.0
1150,31.217968,121.41467,6,1.0
1151,31.22258,121.428599,17,2.0
1152,31.201259,121.40143,24,3.0
1153,31.214115,121.406884,4,1.0
1154,31.201647,121.420098,62,4.0
1155,31.217237,121.432824,2,1.0
1156,31.209913,121.425292,23,3.0
1157,31.197114,121.442853,15,2.0
1158,31.19206,121.438501,14,2.0
1159,31.192975,121.449755,21,3.0
1160,31.197573,121.454035,3,1.0
1161,31.180175,121.422303,9,1.0
1162,31.172757,121.425965,49,3.0
1163,31.171686,121.441221,47,3.0
1164,31.213728,121.386102,22,3.0
1165,31.186465,121.429887,25,3.0
1166,31.225318,121.437806,2,1.0
1167,31.236728,121.42407,9,1.0
1168,31.18026,121.406339,9,1.0
1169,31.185812,121.457923,33,3.0
1170,31.193646,121.449596,9,1.0
1171,31.225831,121.412695,7,1.0
1172,31.19979,121.389906,12,2.0
1173,31.213849,121.43028,16,2.0
1174,26.215115,109.744661,14,2.0
1175,31.218812,121.401309,6,1.0
1176,31.211485,121.403238,25,3.0
1177,31.17247,121.404203,7,1.0
1178,31.21852,121.44019,9,1.0
1179,31.211598,121.439406,25,3.0
1180,31.236991,121.441554,6,1.0
1181,31.230109,121.434393,17,2.0
1182,31.163393,121.381735,42,3.0
1183,31.190389,121.457678,8,1.0
1184,31.233973,121.41641,23,3.0
1185,31.2355,121.417315,49,3.0
1186,31.231663,121.428471,3,1.0
1187,31.212718,121.447853,14,2.0
1188,31.203473,121.445984,14,2.0
1189,31.148773,121.387158,39,3.0
1190,31.182198,121.390214,7,1.0
1191,31.16346,121.405127,34,3.0
1192,31.223297,121.430839,2,1.0
1193,31.19332,121.430385,7,1.0
1194,31.146311,121.399951,66,4.0
1195,31.145439,121.417433,84,4.0
1196,31.157677,121.424531,15,2.0
1197,31.191847,121.381117,12,2.0
1198,31.155349,121.375527,2,1.0
1199,31.151539,121.41109,24,3.0
1200,31.177858,121.346956,38,3.0
1201,31.150662,121.434931,26,3.0
1202,31.200249,121.443811,11,2.0
1203,31.166365,121.419792,14,2.0
1204,31.224226,121.43839,31,3.0
1205,31.201303,121.434409,12,2.0
1206,31.168853,121.394657,5,1.0
1207,31.174203,121.431404,14,2.0
1208,31.183323,121.447822,55,4.0
1209,31.207251,121.407122,1,1.0
1210,31.186057,121.44872,18,2.0
1211,31.249162,121.487899,23,3.0
1212,31.159304,121.358718,24,3.0
1213,31.158202,121.389411,34,3.0
1214,31.182189,121.394088,5,1.0
1215,31.177169,121.445517,37,3.0
1216,31.173163,121.356571,7,1.0
1217,31.163432,121.354451,51,4.0
1218,31.157241,121.418919,73,4.0
1219,31.197909,121.426542,46,3.0
1220,31.17023,121.337413,57,4.0
1221,31.236405,121.432864,11,2.0
1222,31.194928,121.366998,2,1.0
1223,31.195613,121.40425,22,3.0
1224,31.134548,121.39095,36,3.0
1225,31.159704,121.457647,17,2.0
1226,31.236842,121.433815,3,1.0
1227,31.174223,121.436719,1,1.0
1228,31.214741,121.427168,3,1.0
1229,31.179835,121.429502,23,3.0
1230,31.193409,121.393885,32,3.0
1231,31.201965,121.452457,23,3.0
1232,31.201321,121.404211,2,1.0
1233,31.191702,121.449143,4,1.0
1234,31.186628,121.372116,22,3.0
1235,31.18713,121.451332,8,1.0
1236,31.233107,121.417598,3,1.0
1237,31.200432,121.447381,40,3.0
1238,31.174748,121.39247,6,1.0
1239,31.195139,121.385973,30,3.0
1240,31.201064,121.438699,10,2.0
1241,38.052584,114.484137,42,3.0
1242,31.148334,121.420448,2,1.0
1243,31.205813,121.413544,23,3.0
1244,31.216359,121.397227,30,3.0
1245,31.1634,121.396418,7,1.0
1246,31.236856,121.40554,31,3.0
1247,31.19143,121.411411,37,3.0
1248,31.220434,121.408625,1,1.0
1249,31.195131,121.418788,4,1.0
1250,31.213701,121.41802,20,3.0
1251,31.22255,121.440445,2,1.0
1252,31.169908,121.418183,4,1.0
1253,31.182725,121.41492,5,1.0
1254,31.189366,121.443482,3,1.0
1255,31.203978,121.423912,23,3.0
1256,31.190185,121.443475,38,3.0
1257,31.134917,121.334281,5,1.0
1258,31.126777,121.367557,2,1.0
1259,31.162395,121.353836,3,1.0
1260,31.178962,121.388264,1,1.0
1261,31.164838,121.410811,2,1.0
1262,31.175943,121.424363,1,1.0
1263,31.20414,121.406657,1,1.0
1264,31.173856,121.350522,15,2.0
1265,31.188512,121.437591,5,1.0
1266,31.165339,121.427732,22,3.0
1267,31.149062,121.392526,1,1.0
1268,31.184327,121.381012,2,1.0
1269,31.198799,121.383701,13,2.0
1270,31.215381,121.439262,1,1.0
1271,31.154909,121.436989,1,1.0
1272,31.208108,121.41483,4,1.0
1273,31.162868,121.448422,17,2.0
1274,31.203552,121.371544,7,1.0
1275,31.199522,121.44697,2,1.0
1276,31.207139,121.449578,9,1.0
1277,31.200783,121.446011,7,1.0
1278,31.22121,121.411568,21,3.0
1279,31.183064,121.407773,3,1.0
1280,31.193643,121.402511,3,1.0
1281,31.214767,121.444427,8,1.0
1282,31.210891,121.3779,18,2.0
1283,31.198372,121.355749,16,2.0
1284,31.222168,121.378951,6,1.0
1285,31.221591,121.351862,7,1.0
1286,31.206547,121.306923,95,4.0
1287,31.241274,121.36272,30,3.0
1288,31.211574,121.366182,15,2.0
1289,31.228847,121.338653,16,2.0
1290,31.240587,121.402322,2,1.0
1291,31.224373,121.364172,4,1.0
1292,31.199721,121.325753,29,3.0
1293,31.219437,121.374523,6,1.0
1294,31.214193,121.376945,3,1.0
1295,31.21882,121.436387,1,1.0
1296,31.216472,121.413336,6,1.0
1297,31.220424,121.383546,1,1.0
1298,31.242841,121.391309,11,2.0
1299,31.235247,121.383101,3,1.0
1300,31.21759,121.40829,1,1.0
1301,31.188821,121.387044,13,2.0
1302,31.176379,121.397706,4,1.0
1303,31.201121,121.445016,2,1.0
1304,31.22714,121.391029,9,1.0
1305,31.190483,121.434806,5,1.0
1306,31.18851,121.403115,3,1.0
1307,31.211337,121.413801,1,1.0
1308,31.217261,121.391532,1,1.0
1309,31.224731,121.43464,9,1.0
1310,31.204614,121.432408,13,2.0
1311,31.219239,121.418564,7,1.0
1312,31.160355,121.454785,11,2.0
1313,31.180466,121.441251,28,3.0
1314,31.176813,121.439114,9,1.0
1315,31.162463,121.364262,4,1.0
1316,31.19458,121.436178,25,3.0
1317,31.21535,121.46606,1,1.0
1318,31.211846,121.475732,3,1.0
1319,31.223117,121.504741,3,1.0
1320,31.238742,121.530031,4,1.0
1321,31.240405,121.569186,1,1.0
1322,31.178088,121.413515,2,1.0
1323,31.168241,121.437559,4,1.0
1324,31.219114,121.423499,18,2.0
1325,31.193686,121.423417,4,1.0
1326,31.206194,121.456569,17,2.0
1327,31.225092,121.38464,4,1.0
1328,31.17605,121.431225,20,3.0
1329,31.182032,121.388195,1,1.0
1330,31.156874,121.348458,30,3.0
1331,31.152045,121.420017,13,2.0
1332,31.216526,121.326846,15,2.0
1333,31.219647,121.446669,9,1.0
1334,31.199167,121.433919,5,1.0
1335,31.182122,121.377455,2,1.0
1336,31.193811,121.373792,7,1.0
1337,31.176998,121.423586,20,3.0
1338,31.214059,121.37764,6,1.0
1339,31.155848,121.383402,41,3.0
1340,31.227666,121.431017,2,1.0
1341,31.157151,121.431115,7,1.0
1342,31.17255,121.363745,14,2.0
1343,31.229334,121.368291,26,3.0
1344,31.241036,121.374063,37,3.0
1345,31.177067,121.370844,22,3.0
1346,31.189,121.431937,2,1.0
1347,31.184883,121.430689,4,1.0
1348,31.194194,121.456589,19,2.0
1349,31.175983,121.381611,2,1.0
1350,31.192275,121.462826,13,2.0
1351,31.162282,121.426688,36,3.0
1352,31.210579,121.453849,4,1.0
1353,31.23301,121.442524,10,2.0
1354,31.24595,121.403327,3,1.0
1355,31.169078,121.433389,7,1.0
1356,31.206761,121.399923,11,2.0
1357,31.209905,121.37472,19,2.0
1358,31.232002,121.359292,4,1.0
1359,31.154923,121.36045,72,4.0
1360,31.241362,121.395822,9,1.0
1361,31.195709,121.424093,1,1.0
1362,31.195907,121.410659,56,4.0
1363,31.190828,121.420662,3,1.0
1364,31.236104,121.375177,33,3.0
1365,31.200224,121.316463,5,1.0
1366,31.210887,121.315496,19,2.0
1367,31.224718,121.344451,62,4.0
1368,30.993467,121.234309,6,1.0
1369,31.168922,121.412651,9,1.0
1370,31.246106,121.443663,13,2.0
1371,31.260429,121.426787,2,1.0
1372,31.333408,121.552846,5,1.0
1373,31.251986,121.456773,1,1.0
1374,31.295347,121.515155,79,4.0
1375,31.300119,121.532041,14,2.0
1376,31.294393,121.497298,13,2.0
1377,31.251883,121.418603,9,1.0
1378,31.281917,121.435906,11,2.0
1379,31.297689,121.447357,7,1.0
1380,31.266813,121.512658,7,1.0
1381,31.245814,121.411472,7,1.0
1382,31.321039,121.453913,38,3.0
1383,31.312291,121.46631,13,2.0
1384,31.298752,121.491919,6,1.0
1385,31.274535,121.48034,14,2.0
1386,31.326418,121.501541,7,1.0
1387,31.312825,121.491112,38,3.0
1388,31.334449,121.536876,27,3.0
1389,31.311942,121.54204,45,3.0
1390,31.304576,121.522177,55,4.0
1391,31.298668,121.541944,19,2.0
1392,31.292699,121.478195,1,1.0
1393,31.303976,121.474504,109,5.0
1394,31.2716,121.465223,7,1.0
1395,31.300693,121.496182,33,3.0
1396,31.291242,121.489761,5,1.0
1397,31.273183,121.488391,17,2.0
1398,31.262448,121.504717,18,2.0
1399,31.273242,121.499598,14,2.0
1400,31.273982,121.512661,23,3.0
1401,31.251614,121.464007,4,1.0
1402,31.254042,121.464758,27,3.0
1403,31.246345,121.45371,21,3.0
1404,31.285861,121.507007,12,2.0
1405,31.284675,121.516006,18,2.0
1406,31.272774,121.436412,17,2.0
1407,31.264477,121.44249,9,1.0
1408,31.27431,121.448589,1,1.0
1409,31.279012,121.514374,32,3.0
1410,31.302355,121.515812,9,1.0
1411,31.300084,121.504034,13,2.0
1412,31.263678,121.468663,2,1.0
1413,31.250674,121.47282,24,3.0
1414,31.285944,121.44442,18,2.0
1415,31.252404,121.435035,55,4.0
1416,31.266743,121.481644,39,3.0
1417,31.305522,121.483135,59,4.0
1418,31.301602,121.487289,54,4.0
1419,31.260465,121.461228,42,3.0
1420,31.327319,121.462047,145,5.0
1421,31.299613,121.442959,2,1.0
1422,31.334186,121.50238,29,3.0
1423,31.298177,121.473198,14,2.0
1424,31.277147,121.514954,1,1.0
1425,31.249226,121.448568,3,1.0
1426,31.291143,121.472012,27,3.0
1427,31.319422,121.469372,2,1.0
1428,31.313954,121.499987,14,2.0
1429,31.293762,121.442609,14,2.0
1430,31.284953,121.489071,7,1.0
1431,31.274564,121.51979,19,2.0
1432,31.265,121.48958,3,1.0
1433,31.253206,121.459958,1,1.0
1434,31.309342,121.580807,7,1.0
1435,31.290912,121.498587,2,1.0
1436,31.27975,121.497791,90,4.0
1437,31.278008,121.492049,5,1.0
1438,31.259319,121.494159,35,3.0
1439,31.317417,121.48383,19,2.0
1440,31.25821,121.479271,8,1.0
1441,31.254308,121.459288,15,2.0
1442,31.268663,121.428101,23,3.0
1443,31.26338,121.517162,6,1.0
1444,31.24708,121.419525,8,1.0
1445,31.303478,121.55082,14,2.0
1446,31.319806,121.526248,28,3.0
1447,31.304918,121.497837,25,3.0
1448,31.307198,121.511929,41,3.0
1449,31.270369,121.443633,16,2.0
1450,31.317294,121.460019,5,1.0
1451,31.256767,121.438713,3,1.0
1452,31.260365,121.454262,2,1.0
1453,31.312192,121.456456,21,3.0
1454,31.280091,121.519684,2,1.0
1455,31.262746,121.517701,18,2.0
1456,31.296656,121.483976,43,3.0
1457,31.273024,121.42572,2,1.0
1458,31.259739,121.488421,2,1.0
1459,31.250339,121.440196,5,1.0
1460,31.251239,121.428578,26,3.0
1461,34.689694,112.407126,8,1.0
1462,31.264645,121.446818,2,1.0
1463,31.259353,121.427018,2,1.0
1464,31.311405,121.553882,4,1.0
1465,31.326138,121.48973,43,3.0
1466,31.28386,121.530324,24,3.0
1467,31.253601,121.4782,31,3.0
1468,31.32719,121.53013,30,3.0
1469,31.253346,121.448039,6,1.0
1470,31.268884,121.44402,5,1.0
1471,31.250145,121.450312,1,1.0
1472,31.302086,121.510034,2,1.0
1473,31.302288,121.510464,2,1.0
1474,31.301749,121.457406,18,2.0
1475,31.289509,121.447288,5,1.0
1476,31.286022,121.497436,23,3.0
1477,31.294609,121.526886,35,3.0
1478,31.318646,121.53899,44,3.0
1479,31.2798,121.459715,1,1.0
1480,31.30685,121.519579,3,1.0
1481,31.325552,121.473746,1,1.0
1482,31.253657,121.443859,3,1.0
1483,31.31764,121.496784,2,1.0
1484,31.276982,121.460649,33,3.0
1485,31.310614,121.476617,22,3.0
1486,31.276317,121.524794,42,3.0
1487,30.442177,120.618727,10,2.0
1488,31.25393,121.455087,15,2.0
1489,31.256807,121.518545,9,1.0
1490,31.303373,121.4429,7,1.0
1491,31.253808,121.483756,3,1.0
1492,31.275929,121.473484,48,3.0
1493,31.307339,121.534119,1,1.0
1494,31.258255,121.471554,8,1.0
1495,31.318281,121.447698,32,3.0
1496,31.315501,121.535127,1,1.0
1497,31.304538,121.526838,5,1.0
1498,31.265321,121.503333,6,1.0
1499,31.299073,121.552202,6,1.0
1500,31.260814,121.490337,3,1.0
1501,31.315825,121.532151,1,1.0
1502,31.269517,121.498812,16,2.0
1503,31.269929,121.453419,13,2.0
1504,31.289793,121.455017,14,2.0
1505,31.326671,121.481254,7,1.0
1506,31.314038,121.509762,51,4.0
1507,31.256559,121.43557,32,3.0
1508,31.041182,121.739041,1,1.0
1509,32.902077,109.42358,30,3.0
1510,31.252347,121.459317,1,1.0
1511,31.27328,121.47376,13,2.0
1512,31.296619,121.497055,9,1.0
1513,31.295004,121.516367,5,1.0
1514,31.267654,121.473299,16,2.0
1515,31.243013,121.416207,24,3.0
1516,31.251005,121.418683,2,1.0
1517,31.30647,121.492925,13,2.0
1518,31.282271,121.524511,31,3.0
1519,31.281363,121.459935,17,2.0
1520,31.337091,121.543621,1,1.0
1521,31.268106,121.49354,6,1.0
1522,31.306089,121.474725,29,3.0
1523,31.276567,121.483483,2,1.0
1524,29.263844,115.023159,17,2.0
1525,31.312117,121.474859,4,1.0
1526,31.318438,121.497035,13,2.0
1527,31.255905,121.430231,34,3.0
1528,31.279322,121.466136,1,1.0
1529,31.307911,121.518921,16,2.0
1530,31.244102,121.437744,12,2.0
1531,31.294508,121.537685,3,1.0
1532,31.260724,121.469924,2,1.0
1533,31.280452,121.480426,28,3.0
1534,31.242808,121.420927,25,3.0
1535,31.247569,121.41575,9,1.0
1536,31.326619,121.493433,5,1.0
1537,31.277766,121.433047,1,1.0
1538,31.255248,121.416487,11,2.0
1539,31.255293,121.49343,2,1.0
1540,22.522803,114.218796,22,3.0
1541,31.268862,121.434292,1,1.0
1542,31.302901,121.553485,5,1.0
1543,31.265054,121.456413,32,3.0
1544,31.245663,121.449725,16,2.0
1545,31.26484,121.498029,5,1.0
1546,31.280389,121.467635,21,3.0
1547,31.301954,121.54744,4,1.0
1548,31.297281,121.505124,16,2.0
1549,31.25423,121.461072,7,1.0
1550,31.320121,121.459018,10,2.0
1551,31.307268,121.521916,97,4.0
1552,31.300338,121.526827,3,1.0
1553,31.295335,121.555781,10,2.0
1554,31.248146,121.441241,13,2.0
1555,31.258321,121.496097,7,1.0
1556,31.292519,121.549839,5,1.0
1557,31.292717,121.482235,13,2.0
1558,31.284148,121.481157,28,3.0
1559,31.311329,121.495756,60,4.0
1560,31.3038,121.450721,2,1.0
1561,31.258903,121.441965,5,1.0
1562,31.273966,121.429374,28,3.0
1563,31.306637,121.523563,22,3.0
1564,31.267826,121.521146,2,1.0
1565,31.288667,121.527375,13,2.0
1566,31.316557,121.516135,2,1.0
1567,31.263762,121.481215,24,3.0
1568,31.261062,121.500145,10,2.0
1569,31.272162,121.459351,19,2.0
1570,31.251894,121.464026,12,2.0
1571,30.798179,121.426469,5,1.0
1572,30.832683,121.481868,4,1.0
1573,30.970389,121.451558,1,1.0
1574,30.919796,121.459621,13,2.0
1575,30.972355,121.610007,19,2.0
1576,30.915122,121.560642,12,2.0
1577,31.031203,121.65009,32,3.0
1578,31.051898,121.769904,15,2.0
1579,31.423448,121.433415,33,3.0
1580,30.904757,121.467941,11,2.0
1581,30.919873,121.464262,1,1.0
1582,31.116791,121.166516,1,1.0
1583,30.912905,121.801126,2,1.0
1584,30.988441,121.87486,12,2.0
1585,30.933365,121.873737,12,2.0
1586,30.983966,121.737727,3,1.0
1587,31.039193,121.604274,9,1.0
1588,31.094143,121.488864,12,2.0
1589,31.215081,121.481286,6,1.0
1590,31.050344,121.770082,10,2.0
1591,30.976182,121.750557,1,1.0
1592,30.865062,121.662776,19,2.0
1593,31.030356,121.535809,40,3.0
1594,30.844397,121.528845,13,2.0
1595,30.919334,121.475563,35,3.0
1596,31.273451,121.681542,14,2.0
1597,31.017385,121.715431,10,2.0
1598,31.057069,121.599172,16,2.0
1599,30.897457,121.36324,10,2.0
1600,30.852916,121.364997,5,1.0
1601,30.843004,121.438792,2,1.0
1602,30.860242,121.79388,9,1.0
1603,30.915722,121.763195,14,2.0
1604,30.891482,121.739107,2,1.0
1605,30.918282,121.639066,18,2.0
1606,30.855412,121.569454,1,1.0
1607,31.310089,121.640057,2,1.0
1608,31.201237,121.669336,8,1.0
1609,30.919514,121.45936,36,3.0
1610,30.935314,121.733322,8,1.0
1611,30.932475,121.692651,25,3.0
1612,30.995864,121.568444,6,1.0
1613,30.93561,121.517165,9,1.0
1614,30.880562,121.486561,14,2.0
1615,30.929412,121.460403,1,1.0
1616,31.042056,121.720903,14,2.0
1617,30.85108,121.855994,7,1.0
1618,30.966714,121.771375,4,1.0
1619,31.052639,121.761696,18,2.0
1620,31.030308,121.650922,17,2.0
1621,30.967591,121.656531,42,3.0
1622,30.920156,121.488943,25,3.0
1623,30.910136,121.843044,23,3.0
1624,31.054324,121.793035,2,1.0
1625,30.914669,121.471638,19,2.0
1626,30.889354,121.488288,8,1.0
1627,30.844717,121.528288,1,1.0
1628,30.901978,121.452316,6,1.0
1629,30.922611,121.473581,5,1.0
1630,30.895699,121.478289,16,2.0
1631,30.92668,121.466784,2,1.0
1632,31.058968,121.787072,10,2.0
1633,31.046945,121.764826,17,2.0
1634,31.04139,121.741651,3,1.0
1635,30.89577,121.697282,6,1.0
1636,30.960682,121.447242,36,3.0
1637,30.97935,121.815249,3,1.0
1638,30.93817,121.865652,13,2.0
1639,30.935837,121.561311,8,1.0
1640,30.948533,121.465504,8,1.0
1641,31.191674,121.699103,8,1.0
1642,31.25901,121.65797,4,1.0
1643,31.201279,121.709485,25,3.0
1644,31.11674,121.586334,29,3.0
1645,31.133956,121.526289,68,4.0
1646,31.081475,121.523285,25,3.0
1647,31.150398,121.537521,14,2.0
1648,31.323598,121.638883,3,1.0
1649,31.285741,121.626244,30,3.0
1650,30.967774,121.447499,21,3.0
1651,31.163459,121.574025,28,3.0
1652,31.285698,121.612262,36,3.0
1653,31.085146,121.589124,52,4.0
1654,30.880213,121.907656,1,1.0
1655,31.143965,121.573343,16,2.0
1656,30.891109,121.903749,1,1.0
1657,31.062883,121.744224,1,1.0
1658,30.92405,121.648972,1,1.0
1659,30.948124,121.381501,3,1.0
1660,31.034322,121.601024,8,1.0
1661,30.912581,121.465142,10,2.0
1662,31.056596,121.721736,2,1.0
1663,31.045313,121.844791,19,2.0
1664,30.924981,121.710847,4,1.0
1665,30.987088,121.588932,4,1.0
1666,30.923134,121.481921,6,1.0
1667,30.9269,121.467678,2,1.0
1668,30.90387,121.433071,10,2.0
1669,30.956486,121.40597,2,1.0
1670,30.882016,121.532008,1,1.0
1671,30.974035,121.554233,15,2.0
1672,31.072213,121.658885,9,1.0
1673,31.125467,121.581832,55,4.0
1674,30.947965,121.640593,11,2.0
1675,31.120602,121.581473,17,2.0
1676,31.221001,121.731159,11,2.0
1677,31.181785,121.529159,33,3.0
1678,30.955208,121.732358,13,2.0
1679,31.192915,121.682688,35,3.0
1680,30.87706,121.856429,13,2.0
1681,31.149677,121.729053,37,3.0
1682,31.17939,121.754087,6,1.0
1683,31.214209,121.659493,43,3.0
1684,31.070388,121.520258,17,2.0
1685,31.152157,121.514858,123,5.0
1686,31.054051,121.741771,2,1.0
1687,31.05799,121.626154,29,3.0
1688,31.072138,121.661831,1,1.0
1689,30.91796,121.543057,6,1.0
1690,31.055129,121.770244,23,3.0
1691,30.977355,121.74808,5,1.0
1692,31.082614,121.523874,3,1.0
1693,30.9152,121.664095,3,1.0
1694,31.227864,121.638217,1,1.0
1695,31.207348,121.70185,5,1.0
1696,31.013227,121.552205,12,2.0
1697,31.046524,121.749155,8,1.0
1698,31.140384,121.620758,23,3.0
1699,31.167947,121.670231,1,1.0
1700,31.242627,121.730079,4,1.0
1701,31.237944,121.693732,6,1.0
1702,31.232407,121.652986,7,1.0
1703,31.29992,121.669771,22,3.0
1704,31.204349,121.693531,10,2.0
1705,26.139329,103.078562,82,4.0
1706,31.152182,121.564661,13,2.0
1707,31.136777,121.546762,35,3.0
1708,31.2317,121.546506,34,3.0
1709,31.162714,121.772242,21,3.0
1710,31.099126,121.813976,17,2.0
1711,31.074814,121.713455,33,3.0
1712,31.189335,121.781953,15,2.0
1713,31.233761,121.670586,4,1.0
1714,31.141245,121.500503,44,3.0
1715,31.140979,121.586245,23,3.0
1716,31.126339,121.573213,6,1.0
1717,31.166046,121.642137,44,3.0
1718,31.168519,121.804669,9,1.0
1719,31.108567,121.766873,5,1.0
1720,31.12408,121.716759,8,1.0
1721,31.155342,121.8105,3,1.0
1722,31.291192,121.65263,1,1.0
1723,31.209479,121.702069,9,1.0
1724,31.280867,121.656939,53,4.0
1725,31.13623,121.77848,5,1.0
1726,31.161027,121.722478,12,2.0
1727,30.960478,121.057529,9,1.0
1728,31.243446,121.675041,3,1.0
1729,31.044065,121.537499,1,1.0
1730,31.08906,121.722984,16,2.0
1731,31.145387,121.61623,12,2.0
1732,31.078561,121.564629,45,3.0
1733,31.139017,121.545465,8,1.0
1734,31.283201,121.665402,15,2.0
1735,31.299376,121.670896,2,1.0
1736,31.308192,121.667576,1,1.0
1737,31.119755,121.577952,4,1.0
1738,31.221876,121.687381,4,1.0
1739,31.091117,121.549904,5,1.0
1740,31.16872,121.768142,16,2.0
1741,31.139721,121.673912,1,1.0
1742,31.181381,121.688934,13,2.0
1743,31.052986,121.506423,20,3.0
1744,31.268894,121.692432,16,2.0
1745,31.217323,121.753758,2,1.0
1746,31.059304,121.53566,21,3.0
1747,31.035151,121.544702,1,1.0
1748,31.244559,121.724977,21,3.0
1749,31.155384,121.771585,36,3.0
1750,31.098701,121.582178,39,3.0
1751,31.109271,121.617421,36,3.0
1752,31.122449,121.582926,8,1.0
1753,31.100034,121.663489,8,1.0
1754,31.299183,121.628904,1,1.0
1755,31.122643,121.734179,27,3.0
1756,31.058805,121.593285,11,2.0
1757,31.103853,121.810034,19,2.0
1758,31.143774,121.519955,19,2.0
1759,31.188068,121.699562,21,3.0
1760,31.297887,121.62077,4,1.0
1761,31.278892,121.710661,2,1.0
1762,31.112548,121.538798,24,3.0
1763,31.159771,121.58896,9,1.0
1764,31.146285,121.518893,9,1.0
1765,31.149689,121.531301,57,4.0
1766,31.245393,121.705496,6,1.0
1767,31.137143,121.545715,2,1.0
1768,31.29099,121.697503,10,2.0
1769,31.116535,121.678055,2,1.0
1770,31.180753,121.749174,7,1.0
1771,31.175781,121.643301,77,4.0
1772,30.860668,121.470193,9,1.0
1773,30.969483,121.53972,3,1.0
1774,30.932543,121.716591,3,1.0
1775,30.953548,121.636227,4,1.0
1776,30.934396,121.369499,4,1.0
1777,30.910821,121.465194,1,1.0
1778,31.042149,121.539262,11,2.0
1779,30.918205,121.509992,3,1.0
1780,30.950067,121.449083,9,1.0
1781,30.831962,121.534676,3,1.0
1782,30.877822,121.548349,18,2.0
1783,30.874287,121.67603,9,1.0
1784,36.406412,102.003965,35,3.0
1785,30.832601,121.445485,8,1.0
1786,30.946702,121.624426,1,1.0
1787,30.926464,121.682732,8,1.0
1788,31.358732,121.508333,7,1.0
1789,30.983141,121.540945,33,3.0
1790,31.020849,121.759757,32,3.0
1791,30.984047,121.726879,11,2.0
1792,30.823953,121.528367,10,2.0
1793,30.978506,121.447689,28,3.0
1794,30.903041,121.922883,3,1.0
1795,30.86683,121.83302,3,1.0
1796,30.901446,121.904248,1,1.0
1797,30.903899,121.906187,1,1.0
1798,31.069946,121.719641,22,3.0
1799,30.908378,121.634574,2,1.0
1800,30.915686,121.462098,20,3.0
1801,31.049556,121.600672,12,2.0
1802,31.073706,121.680729,12,2.0
1803,31.022923,121.806437,7,1.0
1804,31.000658,121.659325,2,1.0
1805,30.831909,121.397355,7,1.0
1806,30.800042,121.417303,1,1.0
1807,31.021822,121.590566,25,3.0
1808,31.010124,121.538644,11,2.0
1809,31.032045,121.783775,16,2.0
1810,30.978325,121.70767,1,1.0
1811,30.910239,121.419143,4,1.0
1812,30.936752,121.470783,5,1.0
1813,30.850119,121.499982,4,1.0
1814,30.910085,121.504947,4,1.0
1815,31.047975,121.785062,24,3.0
1816,31.069676,121.773361,13,2.0
1817,31.033659,121.577846,9,1.0
1818,30.933573,121.55651,3,1.0
1819,30.872205,121.530081,9,1.0
1820,30.897085,121.617832,28,3.0
1821,30.781368,121.418953,1,1.0
1822,31.045842,121.756555,6,1.0
1823,31.01294,121.637001,10,2.0
1824,31.002291,121.873286,6,1.0
1825,31.067235,121.762108,13,2.0
1826,31.112344,121.480257,13,2.0
1827,31.00948,121.4998,11,2.0
1828,31.023064,121.534267,9,1.0
1829,30.999098,121.447826,26,3.0
1830,29.526266,119.910488,20,3.0
1831,30.991472,121.430726,42,3.0
1832,30.963144,121.39936,11,2.0
1833,30.960195,121.398632,97,4.0
1834,30.940039,121.548407,14,2.0
1835,30.876032,121.466173,18,2.0
1836,31.080002,121.798389,3,1.0
1837,30.92643,121.782514,4,1.0
1838,30.956624,121.334663,5,1.0
1839,30.990721,121.803969,2,1.0
1840,30.977517,121.669761,2,1.0
1841,30.824298,121.363989,7,1.0
1842,31.037985,121.752781,5,1.0
1843,31.039411,121.819385,46,3.0
1844,30.908341,121.870538,1,1.0
1845,31.276268,121.683198,30,3.0
1846,30.908583,121.656169,30,3.0
1847,31.006332,121.579916,5,1.0
1848,30.905367,121.832974,5,1.0
1849,31.198952,121.70244,13,2.0
1850,31.155403,121.57642,92,4.0
1851,30.935874,121.692581,13,2.0
1852,31.327041,121.661258,6,1.0
1853,31.155297,121.573504,69,4.0
1854,31.144212,121.50825,23,3.0
1855,31.088801,121.536584,11,2.0
1856,31.318389,121.653955,10,2.0
1857,30.985081,121.691229,27,3.0
1858,31.202912,121.712449,10,2.0
1859,31.065868,121.534543,1,1.0
1860,31.2077,121.669382,19,2.0
1861,31.298712,121.617334,5,1.0
1862,31.086136,121.507054,21,3.0
1863,31.116903,121.595022,19,2.0
1864,31.21138,121.728982,1,1.0
1865,31.235453,121.653548,14,2.0
1866,31.039301,121.593594,23,3.0
1867,31.171916,121.718029,20,3.0
1868,31.124812,121.508263,10,2.0
1869,31.110606,121.517194,1,1.0
1870,31.30835,121.657013,4,1.0
1871,31.125764,121.562057,29,3.0
1872,31.087196,121.505435,464,5.0
1873,31.23475,121.523857,335,5.0
1874,31.234499,121.463079,57,4.0
1875,31.243974,121.555758,122,5.0
1876,31.233617,121.523688,166,5.0
1877,31.242283,121.504967,17,2.0
1878,31.240806,121.481992,11,2.0
1879,31.222328,121.461659,10,2.0
1880,31.271455,121.513192,2,1.0
1881,31.217655,121.534591,9,1.0
1882,31.18078,121.423677,1,1.0
1883,31.238774,121.496149,4,1.0
1884,31.251161,121.489743,36,3.0
1885,31.234916,121.447878,11,2.0
1886,31.180581,121.527653,14,2.0
1887,31.251746,121.488779,1,1.0
1888,31.251313,121.488307,85,4.0
1889,31.257123,121.503291,43,3.0
1890,31.22278,121.450373,54,4.0
1891,31.207094,121.713617,10,2.0
1892,31.238616,121.477514,13,2.0
1893,31.24188,121.487961,3,1.0
1894,31.236173,121.466734,2418,5.0
1895,31.1171,121.391692,400,5.0
1896,30.990222,121.082742,138,5.0
1897,31.063923,121.353076,192,5.0
1898,31.087224,121.466989,187,5.0
1899,31.034225,121.254609,12,2.0
1900,31.043246,120.924071,143,5.0
1901,31.085713,120.966216,84,4.0
1902,31.123763,120.901878,27,3.0
1903,30.866409,121.188512,14,2.0
1904,30.902581,121.167864,72,4.0
1905,30.806653,121.257345,32,3.0
1906,31.156928,121.121902,42,3.0
1907,31.119557,121.036331,10,2.0
1908,30.831429,121.242309,9,1.0
1909,30.87366,121.082631,30,3.0
1910,31.109666,121.052906,64,4.0
1911,35.522852,102.0076,3,1.0
1912,31.041762,120.928733,92,4.0
1913,30.80226,121.311879,1,1.0
1914,30.90618,121.178287,48,3.0
1915,31.185228,121.1697,518,5.0
1916,30.999472,121.378674,240,5.0
1917,31.129363,121.425144,196,5.0
1918,31.150865,121.336324,117,5.0
1919,31.111061,121.395692,496,5.0
1920,31.045964,121.420076,314,5.0
1921,41.835279,123.498927,289,5.0
1922,30.719644,121.345988,46,3.0
1923,30.844718,121.256228,31,3.0
1924,30.733903,121.341904,19,2.0
1925,30.815153,121.353426,78,4.0
1926,30.898697,121.172576,54,4.0
1927,30.736093,121.355957,205,5.0
1928,30.797557,121.356113,4,1.0
1929,30.965531,121.208487,226,5.0
1930,31.382369,121.258579,1031,5.0
1931,31.301132,121.177821,766,5.0
1932,31.300545,121.170082,128,5.0
1933,31.437104,121.31285,4,1.0
1934,31.365913,121.177965,26,3.0
1935,31.260709,121.087935,731,5.0
1936,31.261132,121.093167,192,5.0
1937,31.400853,121.483671,186,5.0
1938,31.46933,121.246736,29,3.0
1939,31.259098,121.373134,218,5.0
1940,31.382497,121.548578,13,2.0
1941,31.270302,121.398224,256,5.0
1942,31.215347,121.134685,309,5.0
1943,31.30048,121.469206,5,1.0
1944,31.288044,121.356098,92,4.0
1945,31.332113,121.451373,86,4.0
1946,31.420118,121.349715,86,4.0
1947,31.337637,121.446597,37,3.0
1948,31.292462,121.271212,71,4.0
1949,31.221319,121.166272,245,5.0
1950,31.412391,121.491247,210,5.0
1951,31.239319,121.265377,141,5.0
1952,31.243532,121.330166,78,4.0
1953,31.379455,121.372876,31,3.0
1954,31.314113,121.110731,106,5.0
1955,31.389487,121.259676,71,4.0
1956,31.256151,121.557845,1,1.0
1957,31.272659,121.601779,1185,5.0
1958,31.241739,121.537288,15,2.0
1959,31.198953,121.516066,133,5.0
1960,31.238815,121.559352,138,5.0
1961,31.258551,121.584794,118,5.0
1962,31.21309,121.531691,465,5.0
1963,31.233659,121.565806,108,5.0
1964,31.265604,121.567367,300,5.0
1965,31.195619,121.518297,36,3.0
1966,31.285798,121.546427,30,3.0
1967,31.21899,121.492002,1,1.0
1968,31.217249,121.504369,2,1.0
1969,31.231468,121.537215,3,1.0
1970,31.216154,121.557057,177,5.0
1971,31.317624,121.405225,7,1.0
1972,31.241054,121.449606,16,2.0
1973,31.157022,121.498865,3,1.0
1974,31.181629,121.510713,11,2.0
1975,31.193771,121.546521,35,3.0
1976,31.259135,121.616618,19,2.0
1977,31.200179,121.551597,11,2.0
1978,31.209454,121.524245,1,1.0
1979,31.204601,121.484087,1,1.0
1980,31.217217,121.558644,186,5.0
1981,31.186176,121.53911,150,5.0
1982,31.214969,121.586763,25,3.0
1983,31.19907,121.517372,53,4.0
1984,31.276315,121.564096,7,1.0
1985,31.177248,121.51249,884,5.0
1986,31.216528,121.439617,478,5.0
1987,31.220745,121.438858,19,2.0
1988,31.203225,121.399229,376,5.0
1989,31.195623,121.398393,234,5.0
1990,31.203252,121.441646,78,4.0
1991,31.17216,121.347748,34,3.0
1992,31.204135,121.432003,3,1.0
1993,31.161066,121.354642,14,2.0
1994,31.172866,121.434994,54,4.0
1995,31.110093,121.371253,9,1.0
1996,31.223134,121.43817,1,1.0
1997,31.223411,121.428559,2,1.0
1998,31.184347,121.441392,3,1.0
1999,31.19053,121.445372,368,5.0
2000,31.180994,121.377204,40,3.0
2001,31.244479,121.429372,233,5.0
2002,31.210053,121.464569,35,3.0
2003,31.180526,121.349428,47,3.0
2004,31.174304,121.436093,103,5.0
2005,31.183039,121.434356,79,4.0
2006,31.198268,121.383605,1115,5.0
2007,31.246387,121.458214,30,3.0
2008,31.271472,121.494721,361,5.0
2009,31.250767,121.458177,102,5.0
2010,31.267858,121.495135,3,1.0
2011,31.324066,121.536866,89,4.0
2012,31.294215,121.527852,91,4.0
2013,31.308902,121.502016,135,5.0
2014,31.264003,121.489834,99,4.0
2015,31.229645,121.481533,1,1.0
2016,31.252588,121.463263,146,5.0
2017,31.266257,121.506521,8,1.0
2018,31.258441,121.461361,7,1.0
2019,31.293848,121.528021,159,5.0
2020,31.285391,121.497527,1,1.0
2021,31.278997,121.510278,68,4.0
2022,31.264874,121.459338,17,2.0
2023,31.303333,121.455058,2,1.0
2024,31.27495,121.506381,118,5.0
2025,31.305124,121.454071,36,3.0
2026,31.265578,121.48973,127,5.0
2027,31.250986,121.460075,226,5.0
2028,31.265918,121.428644,65,4.0
2029,31.285418,121.47179,30,3.0
2030,31.301967,121.515226,245,5.0
2031,31.275472,121.436799,109,5.0
2032,31.289072,121.481426,113,5.0
2033,30.872829,121.424028,160,5.0
2034,31.037068,121.686977,404,5.0
2035,30.956183,121.908274,321,5.0
2036,31.302,121.670498,85,4.0
2037,31.058917,121.770251,184,5.0
2038,30.898128,121.536836,495,5.0
2039,30.802978,121.397313,79,4.0
2040,30.846647,121.431405,32,3.0
2041,30.900529,121.246804,477,5.0
2042,31.232639,121.705254,67,4.0
2043,31.0887,121.513069,93,4.0
2044,31.155148,121.597536,256,5.0
2045,31.122978,121.704554,14,2.0
2046,31.267542,121.685192,89,4.0
2047,31.20172,121.743118,167,5.0
2048,30.88378,121.573239,36,3.0
2049,30.991693,121.639711,46,3.0
2050,30.866941,121.595653,156,5.0
2051,31.061709,121.771457,119,5.0
2052,30.79706,121.431713,340,5.0
2053,30.83237,121.439654,443,5.0
2054,31.251211,121.491022,253,5.0
2055,31.226708,121.481109,567,5.0
2056,31.222609,121.378494,4,1.0
2057,31.240453,121.511773,4,1.0
2058,31.216659,121.391301,32,3.0
2059,31.246672,121.527778,78,4.0
2060,31.29962,121.536202,7,1.0
2061,31.245488,121.513767,40,3.0
2062,31.246371,121.513215,30,3.0
2063,31.243061,121.517168,1,1.0
2064,31.238199,121.484427,2,1.0
2065,31.22656,121.490417,3,1.0
2066,31.247971,121.513421,25,3.0
2067,31.242967,121.51048,8,1.0
2068,31.223017,121.465143,52,4.0
2069,31.24018,121.506063,83,4.0
2070,31.236926,121.454604,34,3.0
2071,31.242208,121.509707,1,1.0
2072,31.236197,121.485283,3,1.0
2073,31.241242,121.517216,93,4.0
2074,31.267571,121.5032,18,2.0
2075,31.235154,121.533056,2,1.0
2076,31.186698,121.44855,7,1.0
2077,31.203981,121.483421,18,2.0
2078,31.283289,121.510576,12,2.0
2079,31.24256,121.490511,31,3.0
2080,31.211534,121.510558,65,4.0
2081,31.239474,121.495166,39,3.0
2082,31.23976,121.482648,36,3.0
2083,31.248195,121.490929,73,4.0
2084,31.233051,121.455285,29,3.0
2085,31.231328,121.487479,9,1.0
2086,31.236531,121.491325,30,3.0
2087,31.229191,121.453189,2,1.0
2088,31.229148,121.495962,1,1.0
2089,31.246512,121.514772,30,3.0
2090,31.237789,121.461058,8,1.0
2091,31.241765,121.496726,1,1.0
2092,31.239924,121.495466,42,3.0
2093,31.232853,121.486408,10,2.0
2094,31.216462,121.677078,4,1.0
2095,31.142588,121.756503,1,1.0
2096,31.243039,121.478897,4,1.0
2097,31.242706,121.49688,1,1.0
2098,31.216146,121.472933,16,2.0
2099,31.243213,121.504331,13,2.0
2100,31.244931,121.50832,4,1.0
2101,31.227908,121.451169,4,1.0
2102,31.238385,121.521449,1,1.0
2103,31.233733,121.49619,115,5.0
2104,31.229203,121.449776,875,5.0
2105,31.138666,121.398483,65,4.0
2106,31.045068,121.232113,156,5.0
2107,31.188258,121.301297,214,5.0
2108,31.052253,121.347624,1550,5.0
2109,30.975347,121.032558,317,5.0
2110,31.121996,121.393805,128,5.0
2111,31.140348,121.210964,14,2.0
2112,30.957104,121.146044,63,4.0
2113,31.082557,121.430065,27,3.0
2114,31.113798,121.382691,235,5.0
2115,31.107362,121.020176,176,5.0
2116,30.891706,121.171358,1,1.0
2117,30.867598,121.198612,25,3.0
2118,31.177439,121.108654,91,4.0
2119,30.97167,121.185692,107,5.0
2120,30.841553,121.161299,15,2.0
2121,30.873376,121.040678,1,1.0
2122,31.184426,121.15811,170,5.0
2123,30.995671,121.095344,9,1.0
2124,31.024958,120.918706,21,3.0
2125,31.143681,121.353698,57,4.0
2126,31.111358,121.020928,404,5.0
2127,31.169494,121.302234,215,5.0
2128,31.010467,121.237408,3,1.0
2129,31.139656,121.378972,76,4.0
2130,31.087108,121.371206,153,5.0
2131,31.179351,121.31286,457,5.0
2132,31.09201,121.395696,1270,5.0
2133,30.855815,121.311882,34,3.0
2134,30.735262,121.351726,687,5.0
2135,31.468523,121.425585,387,5.0
2136,31.338453,121.449399,1063,5.0
2137,31.354467,121.595273,87,4.0
2138,31.373175,121.438741,670,5.0
2139,31.370243,121.576881,265,5.0
2140,31.350403,121.599242,311,5.0
2141,31.301105,121.430139,48,3.0
2142,31.340851,121.63262,10,2.0
2143,31.310425,121.439368,39,3.0
2144,31.262004,121.350318,670,5.0
2145,31.344797,121.500999,39,3.0
2146,31.424101,121.362592,51,4.0
2147,31.318695,121.410448,120,5.0
2148,47.35092,130.301233,143,5.0
2149,31.463063,121.345403,56,4.0
2150,31.336058,121.274257,245,5.0
2151,31.426865,121.351198,128,5.0
2152,31.404161,121.47109,9,1.0
2153,31.294657,121.341816,389,5.0
2154,31.333313,121.333805,819,5.0
2155,31.242152,121.609858,4,1.0
2156,31.226286,121.600124,2,1.0
2157,31.246038,121.531441,64,4.0
2158,31.239763,121.540092,502,5.0
2159,31.228956,121.535003,8,1.0
2160,31.216092,121.508679,13,2.0
2161,31.244438,121.531412,219,5.0
2162,31.204763,121.526768,521,5.0
2163,31.154497,121.501351,160,5.0
2164,31.271819,121.546358,137,5.0
2165,31.22763,121.536289,73,4.0
2166,31.266679,121.539067,19,2.0
2167,31.209934,121.604472,234,5.0
2168,31.260191,121.617048,42,3.0
2169,31.294378,121.567937,57,4.0
2170,31.263574,121.586365,2,1.0
2171,31.235908,121.57067,2,1.0
2172,31.195887,121.591747,14,2.0
2173,31.25879,121.627202,7,1.0
2174,31.218516,121.463689,54,4.0
2175,31.213561,121.634923,129,5.0
2176,31.186202,121.54793,102,5.0
2177,31.281993,121.464732,45,3.0
2178,31.192182,121.466139,27,3.0
2179,31.20367,121.543991,39,3.0
2180,31.270809,121.543999,32,3.0
2181,31.265994,121.519353,3,1.0
2182,31.195877,121.597043,374,5.0
2183,31.201959,121.61095,5,1.0
2184,31.252485,121.549613,1,1.0
2185,31.256537,121.625952,1,1.0
2186,31.206458,121.562768,34,3.0
2187,31.234382,121.531106,121,5.0
2188,31.230405,121.534439,14,2.0
2189,31.256654,121.599709,1,1.0
2190,31.2146,121.522908,97,4.0
2191,31.198113,121.590353,753,5.0
2192,31.19622,121.468181,199,5.0
2193,31.212328,121.407081,202,5.0
2194,31.209872,121.409627,37,3.0
2195,31.187712,121.432106,163,5.0
2196,31.219533,121.427561,7,1.0
2197,31.218928,121.402968,87,4.0
2198,31.156365,121.41831,4,1.0
2199,31.185044,121.414303,67,4.0
2200,31.204728,121.454952,97,4.0
2201,31.189723,121.356104,352,5.0
2202,31.217037,121.43649,163,5.0
2203,31.197034,121.391103,136,5.0
2204,31.188877,121.43412,107,5.0
2205,31.195642,121.446626,1,1.0
2206,31.195086,121.440792,1,1.0
2207,31.204343,121.407018,438,5.0
2208,31.197152,121.444999,5,1.0
2209,31.238392,121.428006,5,1.0
2210,31.200428,121.437655,12,2.0
2211,31.22903,121.3909,12,2.0
2212,31.234709,121.436318,2,1.0
2213,31.237696,121.382534,1,1.0
2214,31.156361,121.131706,87,4.0
2215,31.22132,121.438917,197,5.0
2216,31.225653,121.480878,85,4.0
2217,31.198912,121.444187,1,1.0
2218,31.19565,121.439802,2,1.0
2219,31.199535,121.456715,28,3.0
2220,31.183859,121.415119,3,1.0
2221,31.227348,121.350438,107,5.0
2222,31.170967,121.40072,4,1.0
2223,31.177836,121.408499,37,3.0
2224,31.182633,121.439015,93,4.0
2225,31.240588,121.379145,203,5.0
2226,31.231068,121.4021,5,1.0
2227,31.18458,121.420921,133,5.0
2228,31.236743,121.36086,1392,5.0
2229,31.309645,121.4911,6,1.0
2230,31.269535,121.4975,167,5.0
2231,31.289799,121.455117,3,1.0
2232,31.260723,121.490166,318,5.0
2233,31.281772,121.484273,42,3.0
2234,31.27726,121.460289,267,5.0
2235,31.277576,121.460905,201,5.0
2236,31.291587,121.511561,9,1.0
2237,31.278711,121.514214,43,3.0
2238,31.314684,121.522729,39,3.0
2239,31.270785,121.465575,3,1.0
2240,31.290316,121.457814,2,1.0
2241,31.267888,121.46753,88,4.0
2242,31.25863,121.490496,4,1.0
2243,31.307814,121.504168,8,1.0
2244,31.272257,121.513471,55,4.0
2245,31.247026,121.448423,188,5.0
2246,31.290758,121.514018,47,3.0
2247,31.264302,121.428277,340,5.0
2248,31.279618,121.439189,10,2.0
2249,31.296226,121.494005,5,1.0
2250,31.258629,121.491056,87,4.0
2251,31.307358,121.524928,28,3.0
2252,31.248836,121.463246,59,4.0
2253,30.900531,121.399787,186,5.0
2254,31.045319,121.846169,38,3.0
2255,30.801265,121.395878,2015,5.0
2256,30.85104,121.524116,128,5.0
2257,31.085245,121.533086,7,1.0
2258,31.156454,121.815297,53,4.0
2259,31.25495,121.739898,84,4.0
2260,31.264503,121.715846,160,5.0
2261,31.317584,121.626266,230,5.0
2262,31.281994,121.631556,163,5.0
2263,30.953524,121.483682,520,5.0
2264,30.978588,121.581677,255,5.0
2265,30.879413,121.704723,15,2.0
2266,30.941552,121.1676,504,5.0
2267,31.08705,121.503604,322,5.0
2268,31.230406,121.482326,654,5.0
2269,31.221688,121.462858,6,1.0
2270,31.231815,121.464062,12,2.0
2271,31.234867,121.46325,17,2.0
2272,31.235043,121.523389,386,5.0
2273,31.23626,121.493692,20,3.0
2274,31.226773,121.480316,237,5.0
2275,31.168125,121.503534,203,5.0
2276,31.234225,121.525481,6,1.0
2277,31.247628,121.510061,42,3.0
2278,31.210632,121.477007,7,1.0
2279,31.236693,121.467316,37,3.0
2280,31.256113,121.510151,97,4.0
2281,31.256971,121.509351,105,5.0
2282,31.233708,121.454373,417,5.0
2283,31.038964,121.2261,3469,5.0
2284,31.154462,121.123826,361,5.0
2285,30.903117,121.146985,70,4.0
2286,30.838141,121.189035,1376,5.0
2287,31.012479,121.240994,355,5.0
2288,31.111986,121.38521,973,5.0
2289,30.721392,121.345766,271,5.0
2290,31.3065,121.429743,2454,5.0
2291,31.259114,121.376147,214,5.0
2292,31.355364,121.537096,603,5.0
2293,31.415037,121.260851,500,5.0
2294,31.40369,121.255993,99,4.0
2295,39.612987,118.20604,364,5.0
2296,31.247886,121.391323,131,5.0
2297,31.486771,121.360405,305,5.0
2298,31.392798,121.246646,400,5.0
2299,31.419608,121.431596,193,5.0
2300,31.343828,121.48162,60,4.0
2301,31.356305,121.293716,847,5.0
2302,31.254643,121.569349,1,1.0
2303,31.228542,121.538488,469,5.0
2304,31.209424,121.530284,1095,5.0
2305,31.209344,121.466999,52,4.0
2306,31.210582,121.529652,261,5.0
2307,31.218016,121.568018,11,2.0
2308,31.210191,121.471168,116,5.0
2309,31.230272,121.557714,19,2.0
2310,31.203911,121.590509,260,5.0
2311,31.219856,121.568149,1,1.0
2312,31.178673,121.521509,240,5.0
2313,31.213332,121.619545,73,4.0
2314,31.26153,121.582783,1202,5.0
2315,31.208153,121.41083,1000,5.0
2316,31.198273,121.445101,194,5.0
2317,31.209545,121.412006,128,5.0
2318,31.203742,121.461251,791,5.0
2319,31.238801,121.386263,9,1.0
2320,31.236742,121.385193,91,4.0
2321,31.20505,121.393756,6,1.0
2322,31.218005,121.430759,223,5.0
2323,31.184951,121.409317,79,4.0
2324,31.18674,121.380533,3,1.0
2325,31.236055,121.434759,33,3.0
2326,31.224027,121.423777,341,5.0
2327,31.187829,121.452956,39,3.0
2328,31.238275,121.393667,35,3.0
2329,31.185189,121.445449,39,3.0
2330,31.19601,121.444227,121,5.0
2331,31.227254,121.402789,1765,5.0
2332,31.311026,121.456026,101,5.0
2333,31.29711,121.519384,268,5.0
2334,31.263474,121.48934,280,5.0
2335,31.295646,121.498045,2,1.0
2336,31.294781,121.494788,33,3.0
2337,31.261499,121.457989,23,3.0
2338,31.248117,121.466399,11,2.0
2339,31.315735,121.534779,48,3.0
2340,31.297053,121.52596,6,1.0
2341,31.301584,121.490912,198,5.0
2342,31.250978,121.44639,79,4.0
2343,31.264391,121.519923,1,1.0
2344,31.271321,121.521621,33,3.0
2345,31.268538,121.49713,3,1.0
2346,31.299291,121.454034,96,4.0
2347,31.331055,121.52962,1334,5.0
2348,30.867838,121.737782,551,5.0
2349,30.945306,121.729327,417,5.0
2350,30.815977,121.436091,19,2.0
2351,30.929761,121.587992,983,5.0
2352,31.332871,121.640577,172,5.0
2353,31.128344,121.629697,269,5.0
2354,30.869886,121.901843,258,5.0
2355,30.824719,121.471519,1207,5.0
2356,31.320837,121.542217,594,5.0
2357,31.242355,121.490982,97,4.0
2358,31.245005,121.517227,46,3.0
2359,31.233248,121.479537,406,5.0
2360,31.237635,121.476519,28,3.0
2361,30.916416,121.467057,119,5.0
2362,31.230429,121.468099,106,5.0
2363,31.249918,121.47846,9,1.0
2364,31.236576,121.465894,7,1.0
2365,31.243463,121.4907,24,3.0
2366,31.21953,121.455395,96,4.0
2367,31.236369,121.476308,2807,5.0
2368,31.054254,121.087156,1202,5.0
2369,31.012108,121.074488,1000,5.0
2370,30.992078,121.31207,514,5.0
2371,31.316634,121.657988,3151,5.0
2372,31.395845,121.450008,806,5.0
2373,31.336782,121.593918,919,5.0
2374,31.452354,121.33861,130,5.0
2375,31.501733,121.334549,154,5.0
2376,31.417324,121.491388,257,5.0
2377,31.333953,121.449114,605,5.0
2378,31.293519,121.22306,62,4.0
2379,31.404925,121.473328,4,1.0
2380,31.50595,121.282812,76,4.0
2381,31.216788,121.299974,905,5.0
2382,31.571904,121.158978,1402,5.0
2383,31.224539,121.550163,925,5.0
2384,31.230671,121.552848,539,5.0
2385,31.172778,121.53453,245,5.0
2386,31.271086,121.549327,97,4.0
2387,31.311982,121.457348,126,5.0
2388,31.200668,121.480775,193,5.0
2389,31.21245,121.637072,100,5.0
2390,31.219656,121.49234,823,5.0
2391,31.203019,121.443614,462,5.0
2392,31.2106,121.411728,311,5.0
2393,31.213397,121.413655,2564,5.0
2394,31.184752,121.387556,35,3.0
2395,31.202103,121.445912,1255,5.0
2396,31.256584,121.4705,696,5.0
2397,31.249972,121.422237,2,1.0
2398,31.299433,121.524696,1,1.0
2399,31.253373,121.458187,117,5.0
2400,31.278753,121.505741,434,5.0
2401,31.262311,121.449241,8,1.0
2402,31.287524,121.51338,377,5.0
2403,31.32589,121.477565,1993,5.0
2404,30.929541,121.616421,257,5.0
2405,30.918549,121.476398,1471,5.0
2406,31.135275,121.765517,385,5.0
2407,30.918525,121.74387,1134,5.0
2408,31.230665,121.449046,34,3.0
2409,31.241131,121.487911,1087,5.0
2410,31.187384,121.470686,42,3.0
2411,31.237961,121.477253,133,5.0
2412,31.226242,121.450105,7,1.0
2413,31.241577,121.485099,529,5.0
2414,31.222754,121.459663,119,5.0
2415,31.237479,121.462941,12,2.0
2416,31.246176,121.494923,3504,5.0
2417,31.06954,120.928583,1,1.0
2418,31.099755,121.009542,340,5.0
2419,31.259763,121.089338,19,2.0
2420,31.159536,121.1442,109,5.0
2421,31.156954,121.146623,250,5.0
2422,31.15562,121.130864,1441,5.0
2423,31.106411,121.450195,1862,5.0
2424,31.305114,121.41898,3660,5.0
2425,31.257157,121.398524,663,5.0
2426,31.409644,121.303936,544,5.0
2427,31.301233,121.167693,830,5.0
2428,31.260888,121.340352,1582,5.0
2429,31.217729,121.472441,938,5.0
2430,31.210354,121.595268,251,5.0
2431,31.211021,121.569582,112,5.0
2432,31.201009,121.610969,652,5.0
2433,31.198673,121.479377,2175,5.0
2434,31.178085,121.409564,534,5.0
2435,31.212716,121.419839,890,5.0
2436,31.187492,121.452395,2452,5.0
2437,31.245938,121.422548,245,5.0
2438,31.301024,121.509195,620,5.0
2439,31.278161,121.486144,407,5.0
2440,31.284385,121.511361,1488,5.0
2441,31.196991,121.710603,265,5.0
2442,30.981236,121.488197,1988,5.0
2443,30.841016,121.482504,1544,5.0
2444,31.233983,121.455055,1366,5.0
2445,31.218858,121.465451,370,5.0
2446,31.231701,121.454022,25,3.0
2447,31.245569,121.5156,1387,5.0
2448,30.940176,121.086747,2970,5.0
2449,30.901012,121.167878,340,5.0
2450,31.101299,120.918138,735,5.0
2451,31.101868,121.461669,1484,5.0
2452,31.156811,121.236841,2931,5.0
2453,31.301307,121.33124,1167,5.0
2454,31.359987,121.417748,103,5.0
2455,31.396049,121.448747,507,5.0
2456,30.735272,121.380359,713,5.0
2457,31.277632,121.380997,328,5.0
2458,31.355417,121.263102,3582,5.0
2459,31.211395,121.465744,740,5.0
2460,31.23095,121.537305,21,3.0
2461,31.216651,121.604749,2240,5.0
2462,31.194567,121.453929,680,5.0
2463,31.17609,121.382302,318,5.0
2464,31.216555,121.409176,87,4.0
2465,31.20664,121.419118,5,1.0
2466,31.19708,121.382863,209,5.0
2467,31.21176,121.45331,282,5.0
2468,31.177667,121.410757,285,5.0
2469,31.217162,121.411803,2079,5.0
2470,31.240865,121.426827,2,1.0
2471,31.205507,121.527506,197,5.0
2472,31.315405,121.532388,361,5.0
2473,31.303318,121.522983,147,5.0
2474,31.294732,121.496831,268,5.0
2475,31.273189,121.472745,1776,5.0
2476,31.192395,121.748164,1328,5.0
2477,34.556383,118.79231,2808,5.0
2478,31.239094,121.519821,79,4.0
2479,31.242512,121.481432,121,5.0
2480,31.223648,121.467523,109,5.0
2481,31.237955,121.493402,87,4.0
2482,31.234787,121.498324,46,3.0
2483,31.234168,121.473173,23,3.0
2484,31.239492,121.486003,43,3.0
2485,31.242363,121.480168,1195,5.0
2486,31.084634,120.989297,1675,5.0
2487,31.113675,121.383752,379,5.0
2488,31.040408,121.204524,723,5.0
2489,31.00953,121.052076,353,5.0
2490,30.918284,120.995861,811,5.0
2491,31.169488,121.349667,735,5.0
2492,31.112899,121.367429,960,5.0
2493,30.259244,120.219375,1263,5.0
2494,31.407391,121.490586,1762,5.0
2495,31.379546,121.260455,1360,5.0
2496,31.204036,121.437644,1061,5.0
2497,31.37219,121.448243,1834,5.0
2498,31.212572,121.537172,721,5.0
2499,31.193331,121.599017,916,5.0
2500,31.200719,121.519009,2055,5.0
2501,29.151779,120.985563,754,5.0
2502,31.192457,121.443575,22,3.0
2503,31.165863,121.398738,221,5.0
2504,31.214342,121.376038,129,5.0
2505,31.192397,121.384407,2138,5.0
2506,31.25142,121.449186,331,5.0
2507,31.300808,121.54086,281,5.0
2508,31.246433,121.443184,46,3.0
2509,31.327657,121.544364,2652,5.0
2510,31.206573,121.701043,1949,5.0
2511,30.922374,121.491159,1184,5.0
2512,31.233185,121.481944,136,5.0
2513,31.23783,121.491395,1,1.0
2514,31.224391,121.489143,82,4.0
2515,31.229818,121.462466,185,5.0
2516,31.240561,121.459431,1,1.0
2517,31.223721,121.482534,3720,5.0
2518,30.881092,121.162611,228,5.0
2519,31.043466,121.004091,1388,5.0
2520,31.07252,121.404373,2396,5.0
2521,31.25841,121.392912,2845,5.0
2522,31.290878,121.429094,2801,5.0
2523,31.160324,121.508559,33,3.0
2524,31.239604,121.543386,447,5.0
2525,31.2114,121.476689,539,5.0
2526,31.259841,121.618221,163,5.0
2527,35.55011,106.688911,171,5.0
2528,31.213212,121.470589,317,5.0
2529,31.279258,121.474153,532,5.0
2530,31.210101,121.414922,4381,5.0
2531,31.292709,121.497635,615,5.0
2532,31.278145,121.452159,310,5.0
2533,31.263879,121.49436,121,5.0
2534,31.289846,121.462957,18,2.0
2535,31.250428,121.460956,1292,5.0
2536,30.930847,121.490112,1594,5.0
2537,30.888384,121.980126,1304,5.0
2538,31.246946,121.513919,321,5.0
2539,31.239437,121.470556,242,5.0
2540,31.244007,121.482838,498,5.0
2541,31.234221,121.462296,213,5.0
2542,31.241674,121.485882,66,4.0
2543,31.234496,121.521516,568,5.0
2544,31.248101,121.495385,633,5.0
2545,31.039424,121.225364,692,5.0
2546,31.012103,121.414993,1505,5.0
2547,31.039155,121.241352,1563,5.0
2548,30.87528,121.057676,249,5.0
2549,30.943662,121.155665,2454,5.0
2550,30.730789,121.343497,82,4.0
2551,30.735389,121.358248,4880,5.0
2552,31.376534,121.563363,150,5.0
2553,31.326226,121.612774,1025,5.0
2554,31.267673,121.346341,2304,5.0
2555,31.200875,121.481499,327,5.0
2556,31.266646,121.609157,53,4.0
2557,31.214641,121.525998,440,5.0
2558,31.197367,121.479142,305,5.0
2559,31.209591,121.484233,769,5.0
2560,31.208476,121.466867,1084,5.0
2561,31.198149,121.443929,641,5.0
2562,31.211339,121.406552,742,5.0
2563,31.223446,121.432052,16,2.0
2564,31.234105,121.34044,762,5.0
2565,31.166663,121.412681,184,5.0
2566,31.239692,121.380057,448,5.0
2567,31.250814,121.449225,1273,5.0
2568,31.30379,121.455146,417,5.0
2569,31.258982,121.494994,453,5.0
2570,31.30361,121.492602,39,3.0
2571,31.242864,121.426322,239,5.0
2572,31.243266,121.443875,452,5.0
2573,31.246271,121.425156,94,4.0
2574,31.304036,121.448053,4736,5.0
2575,31.328545,121.538592,1148,5.0
2576,31.211757,121.46438,20,3.0
2577,31.231749,121.486203,2,1.0
2578,31.222617,121.460214,431,5.0
2579,31.240661,121.512436,160,5.0
2580,31.241233,121.484727,3475,5.0
2581,31.136936,121.325876,754,5.0
2582,31.165389,121.119468,1282,5.0
2583,31.143351,121.352765,4207,5.0
2584,31.289528,121.412608,21,3.0
2585,31.386162,121.255053,1839,5.0
2586,31.391131,121.251789,3633,5.0
2587,31.231035,121.555602,1644,5.0
2588,31.265413,121.564718,2563,5.0
2589,31.200293,121.400145,8,1.0
2590,31.209881,121.416504,3177,5.0
2591,31.25591,121.439013,691,5.0
2592,31.253467,121.447489,105,5.0
2593,31.362367,121.461011,409,5.0
2594,31.317284,121.46298,524,5.0
2595,31.320281,121.454478,261,5.0
2596,31.309,121.525098,2178,5.0
2597,31.039851,121.603151,3861,5.0
2598,31.233984,121.524823,252,5.0
2599,31.23522,121.498835,75,4.0
2600,31.234835,121.527767,94,4.0
2601,31.239743,121.512257,253,5.0
2602,31.241234,121.460559,232,5.0
2603,31.228906,121.451142,100,5.0
2604,31.235554,121.479641,6,1.0
2605,31.239836,121.497502,4177,5.0
2606,31.046753,121.062205,663,5.0
2607,31.095422,121.393617,9270,5.0
2608,31.203422,121.526246,1177,5.0
2609,31.232268,121.541982,3385,5.0
2610,31.224841,121.440899,895,5.0
2611,31.167195,121.389325,210,5.0
2612,31.224182,121.421183,925,5.0
2613,31.194107,121.399831,43,3.0
2614,31.169703,121.412163,69,4.0
2615,31.17148,121.411456,212,5.0
2616,31.20907,121.436851,2465,5.0
2617,31.241675,121.441049,254,5.0
2618,31.263107,121.456686,958,5.0
2619,31.248866,121.478438,5706,5.0
2620,31.222697,121.444861,4,1.0
2621,31.243292,121.518833,171,5.0
2622,31.23672,121.488128,272,5.0
2623,31.235419,121.486195,284,5.0
2624,31.244604,121.51606,30,3.0
2625,41.677262,125.960124,109,5.0
2626,31.246935,121.49406,12073,5.0
2627,31.266108,121.341404,890,5.0
2628,31.308523,121.423052,1826,5.0
2629,31.245215,121.601813,1238,5.0
2630,31.194525,121.5116,85,4.0
2631,31.240285,121.546323,3469,5.0
2632,31.199096,121.401958,304,5.0
2633,31.233112,121.442667,670,5.0
2634,31.19914,121.438003,112,5.0
2635,31.210598,121.449688,3577,5.0
2636,31.287554,121.539,392,5.0
2637,31.298418,121.539277,1942,5.0
2638,30.931335,121.472783,3731,5.0
2639,31.235508,121.479001,191,5.0
2640,31.243689,121.515122,232,5.0
2641,31.225878,121.466952,447,5.0
2642,31.238943,121.498554,4203,5.0
2643,31.012822,121.051558,51,4.0
2644,30.837343,121.275733,1183,5.0
2645,31.334437,121.640763,413,5.0
2646,31.139023,121.356356,1588,5.0
2647,30.735473,121.352751,1240,5.0
2648,31.350476,121.519951,8078,5.0
2649,31.21684,121.593486,60,4.0
2650,31.22978,121.540987,2115,5.0
2651,31.168501,121.402505,1180,5.0
2652,31.224006,121.423572,1,1.0
2653,31.220719,121.402337,865,5.0
2654,31.201817,121.452116,408,5.0
2655,31.167548,121.425927,163,5.0
2656,31.191496,121.41093,2630,5.0
2657,31.251094,121.416046,174,5.0
2658,31.2754,121.485024,533,5.0
2659,31.246871,121.409978,59,4.0
2660,31.264405,121.489289,6024,5.0
2661,31.228895,121.46357,173,5.0
2662,31.24478,121.505751,195,5.0
2663,31.240905,121.489425,172,5.0
2664,31.251619,121.486701,3947,5.0
2665,31.092304,120.912151,157,5.0
2666,30.86245,121.124035,7916,5.0
2667,31.343354,121.59331,4414,5.0
2668,31.266483,121.545252,1,1.0
2669,31.239804,121.545118,2598,5.0
2670,31.194719,121.448676,5,1.0
2671,31.1823,121.394288,260,5.0
2672,31.219143,121.418582,965,5.0
2673,31.191797,121.442896,3043,5.0
2674,31.296101,121.505474,4703,5.0
2675,30.921604,121.471336,888,
